School Code,School Code Adjusted,School Name,School Name Alternate,Type,Zone,Feeder to High School,Network,Great Schools Rating,Great Schools URL,School Level,Enrollment,All Grades Enrollment,Preschool Enrollment,All Grades Except Preschool Enrollment,Elementary School Enrollment,Middle School Enrollment,High School Enrollment,Student Teacher Ratio,Grade,Mathematics - All Students Proficient or Distinguished,Mathematics - Economically Disadvantaged Proficient or Distinguished,Mathematics - Non Economically Disadvantaged Proficient or Distinguished,Reading - All Students Proficient or Distinguished,Reading - Economically Disadvantaged Proficient or Distinguished,Reading - Non Economically Disadvantaged Proficient or Distinguished,Total Ready,Teacher Average Years of Experience,Percent of Teachers With 1-3 Years Experience,Percent of Teachers With Less Than 1 Year Experience,Percent of Teachers with 3 Years or Less of Experience,Total Behavior Events,Alcohol,"Assault, 1st Degree",Drugs,Harassment (Includes Bullying),Other Assault or Violence,Other Events Resulting in State Resolutions,Tobacco,Weapons,Attendance Rate,Dropout Rate,Students Whose Parents Attended Teacher Conferences,Parents Voted in SBDM Elections,Parents Who Served on SBDM or Committees,Volunteer Hours Contributed by Parents,School Website Link,School Type,Low Grade,High Grade,Title I Status,Contact Name,Address,Address2,PO Box,City,State,Zipcode,Phone,Fax,Latitude,Longitude
275175,275175,Alex R. Kennedy Elementary,"Kennedy, Alex R., Elementary",Reside,Waggener Zone,Waggener High,Network 3,5,https://www.greatschools.org/kentucky/louisville/5212-Alex-R.-Kennedy-Elementary-School/,Elementary School,440,482,42,440,440,0,0,15:01,Grade 5,32,17,71,39,26,71,61,18.63,5.3,0,5.3,8,0,0,0,*,*,*,0,*,92.3,,309,43,4,200,https://schools.jefferson.kyschools.us/Elementary/Alex-Kennedy/,A1,Preschool,5th,Title 1 Eligible - Schoolwide School,David Sivori,4515 Taylorsville Rd,,,Louisville,KY,40220,(502) 485-6950,,38.220155,-85.598247
275000,275000,All Schools,,,,,,,,All,103459,103459,2869,"100,590",46233,21959,32398,15:01,Grade 10,27,16,48,37,26,57,46,12.76,11.8,4.4,16.2,19276,70,15,1459,2668,1499,17476,1775,465,89.7,2.6,,,,,,,,,,,,,,,,,,,,
275000,2750000,All Schools,,,,,,,,Elementary School,46233,103459,2869,"100,590",46233,21959,32398,15:01,Grade 5,30,20,53,36,26,58,46,12.76,11.8,4.4,16.2,19276,70,15,1459,2668,1499,17476,1775,465,89.7,2.6,,,,,,,,,,,,,,,,,,,,
275000,2750001,All Schools,,,,,,,,Middle School,21959,103459,2869,"100,590",46233,21959,32398,15:01,Grade 8,24,14,42,28,19,46,46,12.76,11.8,4.4,16.2,19276,70,15,1459,2668,1499,17476,1775,465,89.7,2.6,,,,,,,,,,,,,,,,,,,,
275000,2750002,All Schools,,,,,,,,High School,32398,103459,2869,"100,590",46233,21959,32398,15:01,Grade 10,27,16,48,37,26,57,46,12.76,11.8,4.4,16.2,19276,70,15,1459,2668,1499,17476,1775,465,89.7,2.6,,,,,,,,,,,,,,,,,,,,
275018,275018,Atherton High,Atherton High,Reside,Atherton Zone,Atherton High,Network 3,7,https://www.greatschools.org/kentucky/louisville/710-Atherton-High-School/,High School,1571,1571,,"1,571",0,0,1571,18:01,Grade 10,57,38,73,64,45,80,,17.96,2.4,1.2,3.6,369,5,0,42,22,17,345,12,*,89.7,1.7,100,108,4,2000,https://schools.jefferson.kyschools.us/high/atherton/,A1,9th,12th,Title 1 Eligible - No Program,Stephanie Fluhr,3000 Dundee Road,,,Louisville,KY,40205,(502) 485-8202,(502) 485-8985,38.213731,-85.689399
275185,275185,Atkinson Academy,Atkinson Academy,Reside,Eastern Zone,Eastern High,Network 3,3,https://www.greatschools.org/kentucky/louisville/793-Atkinson-Academy/,Elementary School,483,483,,483,483,0,0,12:01,Grade 5,*,*,*,21,20,*,25,10.74,37,0,37,71,0,0,5,10,7,59,6,4,88.4,,426,0,0,0,n/a,A1,K,5th,Title 1 Eligible - Schoolwide School,Arivia Parks,2811 Duncan Street,,,Louisville,KY,40212,(502) 485-8203,(502) 313-3408,38.265194,-85.797316
275127,275127,Auburndale Elementary,Auburndale Elementary,Reside,Fairdale Zone,Fairdale High,Network 1,2,https://www.greatschools.org/kentucky/louisville/772-Auburndale-Elementary-School/,Elementary School,599,636,37,599,599,0,0,15:01,Grade 5,20,20,*,20,19,*,39,10.37,40,0,40,18,0,0,0,*,0,17,0,*,92.6,,448,0,2,60,https://auburndale.jcps-ky.com,A1,Preschool,5th,Title 1 Eligible - Schoolwide School,Karen Topping,5749 New Cut Road,,,Louisville,KY,40214,(502) 485-8204,(502) 313-3409,38.134863,-85.771363
275044,275044,Audubon Traditional Elementary,Audubon Traditional Elementary,Magnet,Magnet,Magnet Schools,Magnet,7,https://www.greatschools.org/kentucky/louisville/718-Audubon-Traditional-Elementary-School/,Elementary School,632,632,,632,632,0,0,18:01,Grade 5,51,47,54,55,49,59,71,15.48,6.1,6.1,12.2,6,0,0,0,0,0,5,0,*,95.5,,392,60,2,500,https://sites.google.com/jefferson.kyschools.us/audubon-traditional-elementary/home,A1,K,5th,Title 1 Eligible - No Program,Erika Walker,1051 Hess Lane,,,Louisville,KY,40217,(502) 485-8205,(502) 313-3410,38.207935,-85.731189
275105,275105,Ballard High,Ballard High,Reside,Ballard Zone,Ballard High,Network 3,7,https://www.greatschools.org/kentucky/louisville/761-Ballard-High-School/,High School,2201,2201,,"2,201",0,0,2201,19:01,Grade 10,49,25,63,54,28,69,,14.78,3.5,0,3.5,400,7,0,54,18,20,358,45,0,89.6,1.3,997,3,3,1085,https://sites.google.com/jefferson.kyschools.us/ballardhighschool/home,A1,9th,12th,Title 1 Eligible - No Program,Dr. Jason Neuss,6000 Brownsboro Road,,,Louisville,KY,40222,(502) 485-8206,(502) 485-8856,38.283285,-85.6247
275040,275040,Barret Traditional Middle,Barret Traditional,Magnet,Magnet,Magnet,Magnet,7,https://www.greatschools.org/kentucky/louisville/716-Barret-Traditional-Middle-School/,Middle School,652,652,,652,0,652,0,17:01,Grade 8,54,36,68,55,35,69,,16.24,7.1,0,7.1,161,*,0,6,52,10,148,*,*,93.2,0,167,158,6,850,barretmiddle.com,A1,6th,8th,Title 1 Eligible - No Program,Amy Strite,2561 Grinstead Drive,,,Louisville,KY,40206,(502) 485-8207,(502) 485-8579,38.249299,-85.695926
275055,275055,Bates Elementary,Bates Elementary,Reside,Fern Creek Zone,Fern Creek High,Network 2,7,https://www.greatschools.org/kentucky/louisville/723-Bates-Elementary-School/,Elementary School,612,612,,612,612,0,0,15:01,Grade 5,62,61,63,63,55,73,67,15.45,6.9,0,6.9,29,0,0,0,7,*,25,0,0,94.2,,500,25,2,375,https://sites.google.com/jefferson.kyschools.us/bateselementary?usp=sharing,A1,K,5th,Title 1 Eligible - No Program,Sara Nethery,7601 Bardstown Road,,,Louisville,KY,40291,(502) 485-8208,(502) 313-3413,38.137156,-85.578923
275149,275149,Blake Elementary,Blake Elementary,Reside,Southern Zone,Southern High,Network 2,2,https://www.greatschools.org/kentucky/louisville/781-Blake-Elementary-School/,Elementary School,601,641,40,601,601,0,0,18:01,Grade 5,7,5,*,18,16,27,31,8.39,33.3,0,33.3,42,0,0,0,7,0,35,0,*,89.6,,238,2,2,27,https://sites.google.com/jefferson.kyschools.us/blake-elementary,A1,Preschool,5th,Title 1 Eligible - Schoolwide School,Stephanie Smith,3801 Bonaventure Blvd,,,Louisville,KY,40219,(502) 485-8210,(502) 485-8469,38.123078,-85.694191
275225,275225,Bloom Elementary,Bloom Elementary,Reside,Atherton Zone,Atherton High,Network 3,6,https://www.greatschools.org/kentucky/louisville/795-Bloom-Elementary-School/,Elementary School,553,553,,553,553,0,0,17:01,Grade 5,46,12,59,63,23,77,77,14.93,11.1,0,11.1,7,0,0,0,*,0,5,0,*,95.7,,350,75,4,530,https://sites.google.com/jefferson.kyschools.us/bloom-elementary/home,A1,K,5th,Not a Title 1 School,Jack Jacobs,1627 Lucia Avenue,,,Louisville,KY,40204,(502) 485-8211,(502) 313-3417,38.236521,-85.719781
275091,275091,Blue Lick Elementary,Blue Lick Elementary,Reside,Southern Zone,Southern High,Network 2,4,https://www.greatschools.org/kentucky/louisville/750-Blue-Lick-Elementary-School/,Elementary School,545,590,45,545,545,0,0,13:01,Grade 5,20,18,29,40,38,50,25,10.77,11.5,0,11.5,30,0,0,0,13,*,16,0,*,92.1,,178,5,1,100,https://sites.google.com/jefferson.kyschools.us/blue-lick-elementary/home,A1,Preschool,5th,Title 1 Eligible - Schoolwide School,Miss Amy Uhlman,9801 Blue Lick Road,,,Louisville,KY,40229,(502) 485-8212,(502) 485-8131,38.106182,-85.691518
275094,275094,Bowen Elementary,Bowen Elementary,Reside,Eastern Zone,Eastern High,Network 3,6,https://www.greatschools.org/kentucky/louisville/752-Bowen-Elementary-School/,Elementary School,834,834,,834,834,0,0,17:01,Grade 5,57,27,77,56,37,69,49,17.5,2.4,0,2.4,52,*,0,0,7,*,43,7,0,94.2,,597,40,2,840,https://sites.google.com/jefferson.kyschools.us/bowenelementary/home,A1,K,5th,Title 1 Eligible - No Program,Lisa Wathen,1601 Roosevelt Ave,,,Louisville,KY,40242,(502) 485-8213,(502) 313-3420,38.269814,-85.58193
275260,275260,Brandeis Elementary,Brandeis Elementary,Magnet,Magnet,Magnet Schools,Magnet,5,https://www.greatschools.org/kentucky/louisville/799-Brandeis-Elementary-School/,Elementary School,470,470,,470,470,0,0,15:01,Grade 5,49,28,70,53,35,70,69,13.07,14.8,3.7,18.5,23,0,0,0,0,0,18,0,5,94.7,,400,75,2,50,https://schools.jefferson.kyschools.us/Elementary/brandeis/,A1,Preschool,5th,Title 1 Eligible - No Program,Stacey Rowan,2817 West Kentucky,,,Louisville,KY,40211,(502) 485-8214,(502) 778-7354,38.243894,-85.800076
275038,275038,Breckinridge,Breckinridge-Franklin Elementary,Reside,Waggener Zone,Waggener High,Network 3,3,https://www.greatschools.org/kentucky/louisville/1905-Breckinridge-Franklin-Elementary-School/,Elementary School,422,422,,422,422,0,0,10:01,Franklin Elementary,25,23,*,41,43,*,43,11.96,3.7,11.1,14.8,13,0,0,0,4,*,9,0,*,88.1,,290,78,2,29,https://sites.google.com/jefferson.kyschools.us/special-area-bfes/home,A1,K,5th,Title 1 Eligible - Schoolwide School,Dustin Whitis,1351 Payne St.,,,Louisville,KY,40206,(502) 485-8215,(502) 313-3422,38.249314,-85.723794
275045,275045,Butler Traditional High,Butler Traditional,Magnet,Magnet,Butler Traditional High,Magnet,3,https://www.greatschools.org/kentucky/louisville/719-Butler-Traditional-High-School/,High School,1422,1422,,"1,422",0,0,1422,17:01,Grade 10,18,15,*,29,24,44,,14.26,9.2,2.3,11.5,540,0,0,62,9,19,519,53,*,89.5,0.5,38,5,2,500,https://schools.jefferson.kyschools.us/High/Butler/,A1,9th,12th,Title 1 Eligible - Schoolwide School,William Allen,2222 Crums Lane,,,Louisville,KY,40216,(502) 485-8220,(502) 485-8517,38.193853,-85.815409
275243,275243,Byck Elementary,Byck Elementary,Reside,Eastern Zone,Eastern High,Network 3,1,https://www.greatschools.org/kentucky/louisville/797-Byck-Elementary-School/,Elementary School,318,318,,318,318,0,0,11:01,Grade 5,5,5,*,9,10,*,51,8.57,23.8,0,23.8,28,0,0,0,9,*,16,*,*,88.2,,138,0,0,0,https://www.jefferson.kyschools.us/page/byck-elementary,A1,K,5th,Title 1 Eligible - Schoolwide School,Dr. Carla Kolodey,2328 Cedar Street,,,Louisville,KY,40212,(502) 485-8221,(502) 485-8805,38.255806,-85.790384
275004,275004,Camp Taylor Elementary,Camp Taylor Elementary,Reside,Atherton Zone,Atherton High,Network 3,2,https://www.greatschools.org/kentucky/louisville/701-Camp-Taylor-Elementary-School/,Elementary School,461,461,,461,461,0,0,11:01,Grade 5,36,34,*,33,31,41,43,14.13,6.3,0,6.3,21,0,0,0,7,*,14,*,*,90.6,,200,35,2,250,https://sites.google.com/jefferson.kyschools.us/camptaylorelementary,A1,K,5th,Title 1 Eligible - Schoolwide School,John Shanton,1446 Belmar Dr,,,Louisville,KY,40213,(502) 485-8222,(502) 485-8812,38.196553,-85.719415
275005,275005,Cane Run Elementary,Cane Run Elementary,Reside,Iroquois Zone,Iroquois High,Network 1,2,https://www.greatschools.org/kentucky/shively/702-Cane-Run-Elementary-School/,Elementary School,453,522,69,453,453,0,0,13:01,Grade 5,*,*,*,11,12,*,35,8.7,21.7,4.3,26,85,0,0,0,10,0,78,0,*,87,,413,0,2,164,https://sites.google.com/jefferson.kyschools.us/canerunelementary/home,A1,Preschool,5th,Title 1 Eligible - Schoolwide School,Christie Horn,3951 Cane Run Rd,,,Louisville,KY,40211,(502) 485-8223,(502) 313-2648,38.209519,-85.822595
275167,275167,Carrithers Middle,Carrithers Middle,Reside,Jeffersontown Zone,Jeffersontown High,Network 2,2,https://www.greatschools.org/kentucky/louisville/789-Carrithers-Middle-School/,Middle School,630,630,,630,0,630,0,15:01,Grade 8,18,14,26,21,14,35,,10.85,7.5,2.5,10,179,0,0,11,45,12,163,9,4,90,0.5,25,3,3,20,https://schools.jefferson.kyschools.us/Middle/Carrithers/,A1,6th,8th,Title 1 Eligible - Schoolwide School,Jason Watts,4320 Billtown Road,,,Louisville,KY,40299,(502) 485-8224,(502) 485-8394,38.181334,-85.574213
275680,275680,Carter Traditional Elementary,Carter Traditional Elementary,Magnet,Magnet,Magnet Schools,Magnet,5,https://www.greatschools.org/kentucky/louisville/831-Carter-Elementary-School/,Elementary School,544,544,,544,544,0,0,19:01,Grade 5,40,34,52,43,28,72,52,12.04,13,17.4,30.4,90,0,0,*,22,5,81,*,*,92.8,,350,100,2,10,,A1,K,5th,Title 1 Eligible - Schoolwide School,Whitney Hodge,3600 Bohne Ave,,,Louisville,KY,40211,(502) 485-8225,(502) 313-3447,38.228259,-85.814747
275179,275179,Central High Magnet Career Academy,Central High School Magnet Career Academy (MCA),Magnet,Magnet,Central High Magnet Career Academy,Magnet,5,https://www.greatschools.org/kentucky/louisville/790-Central-High-School/,High School,1249,1249,,"1,249",0,0,1249,14:01,Grade 10,17,15,24,28,24,48,,14.64,7.2,3.6,10.8,282,*,0,39,15,4,252,5,*,88.8,0.6,362,28,2,750,https://sites.google.com/jefferson.kyschools.us/central-high-school,A1,9th,12th,Title 1 Eligible - Schoolwide School,Tamela Compton,1130 West Chestnut Street,,,Louisville,KY,40203,(502) 485-8226,(502) 313-3430,38.24999,-85.770814
275102,275102,Chancey Elementary,Chancey Elementary,Reside,Ballard Zone,Ballard High,Network 3,3,https://www.greatschools.org/kentucky/louisville/2020-Chancey-Elementary-School/,Elementary School,651,651,,651,651,0,0,15:01,Grade 5,19,15,26,25,18,41,42,13.56,0,0,0,26,0,0,0,0,*,26,0,0,93.9,,560,100,14,800,https://sites.google.com/jefferson.kyschools.us/chancey-elementary-school/home,A1,Preschool,5th,Title 1 Eligible - Schoolwide School,Tioka Ivory,4301 Murphy Lane,,,Louisville,KY,40241,(502) 485-8387,(502) 313-3432,38.307258,-85.535118
275046,275046,Chenoweth Elementary,Chenoweth Elementary,Reside,Waggener Zone,Waggener High,Network 3,5,https://www.greatschools.org/kentucky/louisville/720-Chenoweth-Elementary-School/,Elementary School,638,638,,638,638,0,0,17:01,Grade 5,37,*,63,46,*,77,58,14.83,3.3,0,3.3,30,0,0,0,6,*,26,0,5,91.6,,314,200,3,2000,N/A,A1,Preschool,5th,Title 1 Eligible - Schoolwide School,Angela Burns,3622 Brownsboro Road,,,Louisville,KY,40207,(502) 485-8227,(502) 313-3433,38.263128,-85.668975
275083,275083,Cochrane Elementary,Cochrane Elementary,Reside,Jeffersontown Zone,Jeffersontown High,Network 2,3,https://www.greatschools.org/kentucky/jeffersontown/744-Cochrane-Elementary-School/,Elementary School,527,594,67,527,527,0,0,13:01,Grade 5,18,18,*,21,21,*,30,9.59,11.1,3.7,14.8,25,0,0,0,9,4,18,0,*,91.6,,203,0,2,100,https://schools.jefferson.kyschools.us/Elementary/Cochrane/,A1,Preschool,5th,Title 1 Eligible - Schoolwide School,Elizabeth Fuller,2511 Tregaron Avenue,,,Louisville,KY,40299,(502) 485-8231,(502) 485-8392,38.21016,-85.574736
275660,275660,Coleridge,Coleridge-Taylor Montessori Elementary,Magnet,Magnet,Magnet Schools,Magnet,1,https://www.greatschools.org/kentucky/louisville/830-Coleridge-Taylor-Elementary-School/,Elementary School,411,433,22,411,411,0,0,13:01,Taylor Montessori Elementary,*,*,*,18,*,*,53,6.96,29.2,20.8,50,130,0,0,*,7,0,128,4,6,89.3,,210,0,2,50,NA,A1,Preschool,5th,Title 1 Eligible - Schoolwide School,Marcia Carmichael-Murphy,1115 W Chestnut St,,,Louisville,KY,40203,(502) 485-8232,(502) 313-3437,38.250505,-85.770174
275164,275164,Conway Middle,Conway Middle,Reside,Pleasure Ridge Park Zone,Pleasure Ridge Park High,Network 1,1,https://www.greatschools.org/kentucky/louisville/787-Conway-Middle-School/,Middle School,752,752,,752,0,752,0,17:01,Grade 8,9,9,10,17,15,24,,12.03,12.8,2.6,15.4,329,0,0,9,41,16,316,36,7,86.7,0.2,72,0,0,25,https://www.jefferson.kyschools.us/o/conway,A1,6th,8th,Title 1 Eligible - Schoolwide School,Dr. Jeannie Lett,6300 Terry Road,,,Louisville,KY,40258,(502) 485-8233,(502) 485-8076,38.159385,-85.868002
275060,275060,Coral Ridge Elementary,Coral Ridge Elementary,Reside,Fairdale Zone,Fairdale High,Network 1,3,https://www.greatschools.org/kentucky/hollyvilla/727-Coral-Ridge-Elementary-School/,Elementary School,636,658,22,636,636,0,0,15:01,Grade 5,27,21,*,29,21,52,19,13.12,9.1,0,9.1,12,0,0,0,*,0,7,0,*,92.2,,350,125,2,120,N/A,A1,Preschool,5th,Title 1 Eligible - Schoolwide School,Brian Davis,10608 National Turnpike,,,Fairdale,KY,40118,(502) 485-8234,(502) 313-3439,38.095167,-85.738829
275119,275119,Crosby Middle,Crosby Middle,Reside,Eastern Zone,Eastern High,Network 3,4,https://www.greatschools.org/kentucky/louisville/768-Crosby-Middle-School/,Middle School,982,982,,982,0,982,0,17:01,Grade 8,37,17,54,29,13,44,,13.2,10.9,7.3,18.2,269,0,0,19,84,49,244,22,*,90,0,485,114,6,65,https://sites.google.com/jefferson.kyschools.us/crosby-student-hub/home?authuser=0,A1,6th,8th,Title 1 Eligible - No Program,Clay Ryan,303 Gatehouse Lane,,,Middletown,KY,40243,(502) 485-8235,(502) 313-3440,38.240546,-85.555618
275092,275092,Crums Lane Elementary,Crums Lane Elementary,Reside,Doss Zone,Doss High,Network 1,2,https://www.greatschools.org/kentucky/louisville/751-Crums-Lane-Elementary-School/,Elementary School,536,536,,536,536,0,0,15:01,Grade 5,16,12,*,30,28,*,42,10.41,18.5,7.4,25.9,104,0,0,0,9,15,100,*,4,88.6,,372,0,0,263,https://sites.google.com/jefferson.kyschools.us/crosby-hub/page,A1,K,5th,Title 1 Eligible - Schoolwide School,Tanesha Franklin,3212 S Crums Ln,,,Louisville,KY,40216,(502) 485-8236,(502) 313-3441,38.193132,-85.839263
275082,275082,Dixie Elementary,Dixie Elementary,Reside,Valley Zone,Valley High,Network 1,3,https://www.greatschools.org/kentucky/louisville/743-Dixie-Elementary-School/,Elementary School,393,436,43,393,393,0,0,14:01,Grade 5,27,26,*,35,32,*,21,14.61,5.6,5.6,11.2,33,0,0,0,*,0,30,*,*,90,,221,142,2,105,https://sites.google.com/jefferson.kyschools.us/dixieelementary/home,A1,Preschool,5th,Title 1 Eligible - Schoolwide School,Shawn Purlee,10201 Casalanda Dr,,,Louisville,KY,40272,(502) 485-8238,(502) 485-8448,38.108139,-85.872333
275100,275100,Doss High,Doss High,Reside,Doss Zone,Doss High,Network 1,1,https://www.greatschools.org/kentucky/louisville/758-Doss-High-School/,High School,1321,1321,,"1,321",0,0,1321,16:01,Grade 10,*,*,12,13,11,20,,11.33,13.2,7.9,21.1,465,*,0,37,20,15,431,61,10,81.3,3.3,550,1,1,500,https://jeffersoncpsky.sites.thrillshare.com/o/doss,A1,9th,12th,Title 1 Eligible - Schoolwide School,Julie Chancellor,7601 St Andrews Church Rd,,,Louisville,KY,40214,(502) 485-8239,(502) 485-8080,38.153256,-85.812971
275182,275182,Dr. William H. Perry Elementary School,Perry Elementary,Reside,Jeffersontown Zone,Jeffersontown High,Network 2,,https://www.greatschools.org/kentucky/louisville/823-Roosevelt-Perry-Elementary-School/,Elementary School,428,428,,428,428,0,0,14:01,Grade 5,12,10,*,15,15,*,48,8.4,30,10,40,55,0,0,0,16,9,33,10,*,88.2,,274,0,1,20,https://williamperry.jcps-ky.com/,A1,K,5th,Title 1 Eligible - Schoolwide School,Keisha Fulson,755 Dixie Highway,,,Louisville,KY,40210,(502) 485-8348,(502) 485-8998,38.247551,-85.780931
275156,275156,Dunn Elementary,Dunn Elementary,Reside,Ballard Zone,Ballard High,Network 3,7,https://www.greatschools.org/kentucky/indian-hills/783-Dunn-Elementary-School/,Elementary School,500,500,,500,500,0,0,15:01,Grade 5,64,36,77,71,44,83,79,15.41,7.4,0,7.4,13,0,0,0,7,*,6,0,*,94.7,,360,80,2,3000,https://sites.google.com/jefferson.kyschools.us/dunnelementary/home,A1,K,5th,Not a Title 1 School,Dr. Tracy Barber,2010 Rudy Lane,,,Louisville,KY,40207,(502) 485-8240,,38.284195,-85.643607
275200,275200,duPont Manual High,duPont Manual,Magnet,Magnet,duPont Manual High,Magnet,10,https://www.greatschools.org/kentucky/louisville/794-Dupont-Manual-High-School/,High School,1930,1930,,"1,930",0,0,1930,17:01,Grade 10,74,55,81,84,73,89,,17.03,5.9,0,5.9,83,*,0,14,14,7,42,16,*,94.7,0.1,1402,305,14,325,www.dupontmanual.com,A1,9th,12th,Not a Title 1 School,Mr. Michael Newman,120 W Lee St,,,Louisville,KY,40208,(502) 485-8241,(502) 313-3448,38.221835,-85.759055
275007,275007,Eastern High,Eastern High,Reside,Eastern Zone,Eastern High,Network 3,6,https://www.greatschools.org/kentucky/louisville/703-Eastern-High-School/,High School,2048,2048,,"2,048",0,0,2048,16:01,Grade 10,43,21,59,50,31,63,,16.57,1.8,2.7,4.5,213,*,0,46,28,26,151,61,*,88.5,2.1,439,216,3,1500,https://sites.google.com/jefferson.kyschools.us/eastern,A1,9th,12th,Title 1 Eligible - No Program,Heather Orman,12400 Old Shelbyville Rd,,,Middletown,KY,40243,(502) 485-8243,(502) 485-3883,38.243661,-85.526094
275131,275131,Eisenhower Elementary,Eisenhower Elementary,Reside,Pleasure Ridge Park Zone,Pleasure Ridge Park High,Network 1,4,https://www.greatschools.org/kentucky/louisville/774-Eisenhower-Elementary-School/,Elementary School,644,645,1,644,644,0,0,17:01,Grade 5,35,37,32,45,48,41,37,14.35,9.7,6.5,16.2,9,0,0,0,*,*,6,0,0,91.5,,500,10,2,1100,https://www.jefferson.kyschools.us/page/eisenhower-elementary,A1,K,5th,Title 1 Eligible - Schoolwide School,Conni Strange,5300 Jessamine Lane,,,Louisville,KY,40258,(502) 485-8244,(502) 313-3450,38.137838,-85.854894
275240,275240,Engelhard Elementary,Engelhard Elementary,Reside,Seneca Zone,Seneca High,Network 2,1,https://www.greatschools.org/kentucky/louisville/796-Engelhard-Elementary-School/,Elementary School,337,337,,337,337,0,0,13:01,Grade 5,*,*,*,8,6,*,20,10.5,10,5,15,56,0,0,0,*,*,54,0,*,87.4,,31,0,2,10,https://schools.jefferson.kyschools.us/Elementary/Engelhard/,A1,K,5th,Title 1 Eligible - Schoolwide School,Mr. Ryan McCoy,1004 S First St,,,Louisville,KY,40203,(502) 485-8246,(502) 485-8793,38.238092,-85.754919
275010,275010,Fairdale Elementary,Fairdale Elementary,Reside,Fairdale Zone,Fairdale High,Network 1,5,https://www.greatschools.org/kentucky/louisville/704-Fairdale-Elementary-School/,Elementary School,691,691,,691,691,0,0,16:01,Grade 5,39,34,50,41,35,53,36,11.97,15.8,0,15.8,37,0,0,0,4,*,34,0,0,92.1,,325,182,2,275,https://www.jefferson.kyschools.us/page/fairdale-elementary,A1,K,5th,Title 1 Eligible - Schoolwide School,Charles Atkinson,10104 Mitchell Hill Road,,,Fairdale,KY,40118,(502) 485-8247,(502) 313-3453,38.104986,-85.762138
275057,275057,Fairdale High,Fairdale High,Reside,Fairdale Zone,Fairdale High,Network 1,1,https://www.greatschools.org/kentucky/louisville/724-Fairdale-High-School-Mca/,High School,1546,1546,,"1,546",0,0,1546,16:01,Grade 10,16,14,20,24,23,27,,12.26,9.4,2.1,11.5,464,0,*,59,26,34,427,48,5,84.6,3.5,348,108,2,100,https://sites.google.com/jefferson.kyschools.us/fairdalehighschool/home,A1,9th,12th,Title 1 Eligible - Schoolwide School,Brandy Corbin,1001 Fairdale Road,,,Fairdale,KY,40118,(502) 485-8248,(502) 485-8761,38.111982,-85.751208
275212,275212,Farmer Elementary,Farmer Elementary,Reside,Jeffersontown Zone,Jeffersontown High,Network 2,7,https://www.greatschools.org/kentucky/louisville/4081-Farmer-Elementary-School/,Elementary School,760,804,44,760,760,0,0,17:01,Grade 5,50,34,63,63,55,70,63,16.73,4.9,7.3,12.2,9,0,0,0,*,*,5,0,*,94,,409,108,2,932,https://farmer.jcps-ky.com/,A1,Preschool,5th,Title 1 Eligible - No Program,Melinda Stivers,6405 Gellhaus Ln,,,Louisville,KY,40299,(502) 485-8625,(502) 313-3454,38.151372,-85.546195
275049,275049,Farnsley Middle,Farnsley Middle,Reside,Pleasure Ridge Park Zone,Pleasure Ridge Park High,Network 1,3,https://www.greatschools.org/kentucky/louisville/847-Farnsley-Middle-School/,Middle School,1042,1042,,"1,042",0,1042,0,18:01,Grade 8,20,17,27,27,23,34,,13.58,10.5,5.3,15.8,340,*,0,17,31,13,305,63,11,88.7,0,823,27,7,196,https://sites.google.com/jefferson.kyschools.us/farnsleymiddleschool/home,A1,6th,8th,Title 1 Eligible - Schoolwide School,Mrs. Carolyn Smith,3400 Lees Lane,,,Louisville,KY,40216,(502) 485-8242,,38.18472,-85.857808
275011,275011,Fern Creek Elementary,Fern Creek Elementary,Reside,Fern Creek Zone,Fern Creek High,Network 2,3,https://www.greatschools.org/kentucky/louisville/705-Fern-Creek-Elementary-School/,Elementary School,836,836,,836,836,0,0,18:01,Grade 5,19,16,29,28,23,46,41,13.79,2.6,0,2.6,37,0,0,0,4,7,28,6,*,92.3,,455,125,3,425,N/A,A1,K,5th,Title 1 Eligible - Schoolwide School,Tonya Arnold,8815 Ferndale Rd,,,Louisville,KY,40291,(502) 485-8250,(502) 485-8377,38.156609,-85.595173
275012,275012,Fern Creek High,Fern Creek High,Reside,Fern Creek Zone,Fern Creek High,Network 2,3,https://www.greatschools.org/kentucky/louisville/706-Fern-Creek-Traditional-High-School/,High School,1764,1764,,"1,764",0,0,1764,15:01,Grade 10,21,17,34,32,26,47,,11.94,10.1,4.6,14.7,570,0,0,47,47,52,522,79,10,86.7,2.4,550,50,4,100,https://sites.google.com/jefferson.kyschools.us/fern-creek-high-school/home,A1,9th,12th,Title 1 Eligible - Schoolwide School,Rebecca Nicolas,9115 Fern Creek Road,,,Louisville,KY,40291,(502) 485-8251,(502) 485-8032,38.156027,-85.592114
275250,275250,Field Elementary,Field Elementary,Reside,Waggener Zone,Waggener High,Network 3,6,https://www.greatschools.org/kentucky/louisville/798-Field-Elementary-School/,Elementary School,471,471,,471,471,0,0,16:01,Grade 5,41,16,70,47,32,63,77,13.96,4.2,4.2,8.4,9,0,0,0,0,*,7,0,*,94.2,,316,56,2,139,https://schools.jefferson.kyschools.us/Elementary/Field/index.html,A1,K,5th,Title 1 Eligible - No Program,Deborah Rivera,120 Sacred Heart Ln,,,Louisville,KY,40206,(502) 485-8252,(502) 313-3459,38.25246,-85.677991
275270,275270,Foster Traditional Academy,Foster Traditional Academy,Magnet,Magnet,Magnet Schools,Magnet,5,https://www.greatschools.org/kentucky/louisville/802-Foster-Traditional-Academy/,Elementary School,494,494,,494,494,0,0,13:01,Grade 5,10,8,*,18,17,*,46,12.56,11.1,18.5,29.6,47,0,0,0,8,10,39,*,*,90.1,,400,2,2,200,https://www.jefferson.kyschools.us/page/foster-traditional-academy,A1,K,5th,Title 1 Eligible - Schoolwide School,Letisha Young,1401 South 41st Street,,,Louisville,KY,40211,(502) 485-8253,(502) 485-8665,38.236927,-85.819899
275290,275290,Frayser Elementary,Frayser Elementary,Reside,Iroquois Zone,Iroquois High,Network 1,3,https://www.greatschools.org/kentucky/louisville/804-Frayser-Elementary-School/,Elementary School,441,441,,441,441,0,0,13:01,Grade 5,*,*,*,*,*,*,25,10.09,13,4.3,17.3,11,0,0,0,0,0,6,5,*,89.5,,260,0,0,0,https://schools.jefferson.kyschools.us/Elementary/Frayser/,A1,K,5th,Title 1 Eligible - Schoolwide School,Sarah Carmichael-Miller,1230 Larchmont Ave,,,Louisville,KY,40215,(502) 485-8255,(502) 485-8530,38.208506,-85.779777
275620,275620,Frederick Law Olmsted Academy North,Olmstead Academy North,Reside,Iroquois Zone,Iroquois High,Network 1,,,Middle School,583,583,,583,0,583,0,14:01,Grade 8,9,9,*,10,9,19,,8.51,29.7,10.8,40.5,262,0,0,20,66,28,227,17,11,85.5,0,74,0,0,20,https://sites.google.com/jefferson.kyschools.us/olmstednorth/home,A1,6th,8th,Title 1 Eligible - Schoolwide School,Gerard Garrett,4530 Bellevue Avenue,,,Louisville,KY,40215,(502) 485-8331,(502) 313-3514,38.187038,-85.774089
275730,275730,Frederick Law Olmsted Academy South,Olmstead Academy South,Reside,Iroquois Zone,Iroquois High,Network 1,,,Middle School,663,663,,663,0,663,0,14:01,Grade 8,11,12,*,17,18,*,,11.21,16.7,4.8,21.5,204,0,*,7,35,20,179,24,11,86.9,0.3,450,0,0,10,https://jeffersoncpsky.sites.thrillshare.com/o/oas,A1,6th,8th,Title 1 Eligible - Schoolwide School,Ms. Synthia Shelby,5650 Southern Pkwy,,,Louisville,KY,40214,(502) 485-8270,(502) 485-8380,38.172172,-85.778692
275061,275061,Goldsmith Elementary,Goldsmith Elementary,Reside,Seneca Zone,Seneca High,Network 2,3,https://www.greatschools.org/kentucky/louisville/728-Goldsmith-Elementary-School/,Elementary School,736,736,,736,736,0,0,14:01,Grade 5,14,9,37,26,19,53,23,15.23,11.4,0,11.4,19,0,0,0,7,*,13,0,*,92.4,,183,10,2,200,N/A,A1,K,5th,Title 1 Eligible - Schoolwide School,Mrs. Jessica Carter,3520 Goldsmith Lane,,,Louisville,KY,40220,(502) 485-8258,(502) 485-8977,38.208169,-85.654353
275800,275800,Grace M. James Academy of Excellence,"James, Grace, Academy of Excellence",Magnet,Magnet,Grace M. James Academy of Excellence,Magnet,4,https://www.greatschools.org/kentucky/louisville/5443-Grace-M.-James-Academy-Of-Excellence/,All,429,429,,429,0,337,92,14:01,Grade 8,25,19,40,36,35,37,,9.57,20,0,20,58,0,0,0,12,8,44,*,0,93.5,,201,Non-A1 School,Non-A1 School,Non-A1 School,Non-A1 School,A5,6th,9th,Title 1 Eligible - Schoolwide School,Latonya Frazier-Goatley,1615 West Broadway,,,Louisville,KY,40203,(502) 485-8123,,38.249565,-85.778648
275800,2758002,Grace M. James Academy of Excellence,"James, Grace, Academy of Excellence",Magnet,Magnet,Grace M. James Academy of Excellence,Magnet,4,https://www.greatschools.org/kentucky/louisville/5443-Grace-M.-James-Academy-Of-Excellence/,High School,92,429,,429,0,337,92,14:01,Grade 8,25,19,40,36,35,37,,9.57,20,0,20,58,0,0,0,12,8,44,*,0,93.5,,201,Non-A1 School,Non-A1 School,Non-A1 School,Non-A1 School,A5,6th,9th,Title 1 Eligible - Schoolwide School,Latonya Frazier-Goatley,1615 West Broadway,,,Louisville,KY,40203,(502) 485-8123,,38.249565,-85.778648
275800,2758001,Grace M. James Academy of Excellence,"James, Grace, Academy of Excellence",Magnet,Magnet,Magnet,Magnet,4,https://www.greatschools.org/kentucky/louisville/5443-Grace-M.-James-Academy-Of-Excellence/,Middle School,337,429,,429,0,337,92,14:01,Grade 8,25,19,40,36,35,37,,9.57,20,0,20,58,0,0,0,12,8,44,*,0,93.5,,201,Non-A1 School,Non-A1 School,Non-A1 School,Non-A1 School,A5,6th,9th,Title 1 Eligible - Schoolwide School,Latonya Frazier-Goatley,1615 West Broadway,,,Louisville,KY,40203,(502) 485-8123,,38.249565,-85.778648
275013,275013,Greathouse/Shryock Traditional,Greathouse/Shryock Traditional Elementary,Magnet,Magnet,Magnet Schools,Magnet,10,https://www.greatschools.org/kentucky/louisville/707-Greathouse-Shryock-Traditional/,Elementary School,607,607,,607,607,0,0,17:01,Grade 5,*,*,*,88,67,93,94,13.77,0,3.2,3.2,14,0,0,*,*,0,10,0,*,95.4,,351,221,2,1109,https://sites.google.com/jefferson.kyschools.us/greathouseshryocktraditional,A1,K,5th,Not a Title 1 School,Ms. Kimberly Slusher,2700 Browns Lane,,,Louisville,KY,40220,(502) 485-8259,(502) 485-8768,38.225977,-85.622397
275014,275014,Greenwood Elementary,Greenwood Elementary,Reside,Pleasure Ridge Park Zone,Pleasure Ridge Park High,Network 1,2,https://www.greatschools.org/kentucky/louisville/708-Greenwood-Elementary-School/,Elementary School,506,506,,506,506,0,0,16:01,Grade 5,16,*,41,22,17,41,32,11.09,4.3,4.3,8.6,32,0,0,0,0,*,30,0,*,91.3,,305,5,2,300,https://schools.jefferson.kyschools.us/schools/profiles/greenwood,A1,K,5th,Title 1 Eligible - Schoolwide School,Joy Billops,5801 Greenwood Road,,,Louisville,KY,40258,(502) 485-8260,(502) 313-3467,38.145253,-85.861105
275115,275115,Gutermuth Elementary,Gutermuth Elementary,Reside,Iroquois Zone,Iroquois High,Network 1,4,https://www.greatschools.org/kentucky/louisville/765-Gutermuth-Elementary-School/,Elementary School,487,487,,487,487,0,0,14:01,Grade 5,17,17,*,27,26,*,37,10.27,23.1,0,23.1,35,0,0,0,5,0,32,*,*,90.5,,262,6,1,30,N/A,A1,K,5th,Title 1 Eligible - Schoolwide School,Mrs. Heather Scott,1500 Sanders Lane,,,Louisville,KY,40216,(502) 485-8261,(502) 485-8379,38.177797,-85.807919
275121,275121,Hartstern Elementary,Hartstern Elementary,Reside,Moore Zone,Marion C. Moore School,Network 2,3,https://www.greatschools.org/kentucky/louisville/769-Hartstern-Elementary-School/,Elementary School,688,688,,688,688,0,0,16:01,Grade 5,19,17,*,20,16,33,35,11.11,7.1,10.7,17.8,32,*,0,0,*,9,24,0,*,90.8,,252,125,2,560,https://www.jefferson.kyschools.us/o/hartstern,A1,Preschool,5th,Title 1 Eligible - Schoolwide School,LaQuetta Carter,5200 Morningside Way,,,Louisville,KY,40219,(502) 485-8262,(502) 485-8470,38.141284,-85.666465
275048,275048,Hawthorne Elementary,Hawthorne Elementary,Magnet,Magnet,Magnet Schools,Magnet,5,https://www.greatschools.org/kentucky/louisville/721-Hawthorne-Elementary-School/,Elementary School,420,464,44,420,420,0,0,12:01,Grade 5,46,24,63,68,44,88,63,14.68,8,0,8,4,0,0,0,0,0,4,0,0,94.7,,215,2,2,30,https://sites.google.com/jefferson.kyschools.us/hawthorne-elementary/home,A1,Preschool,5th,Title 1 Eligible - No Program,Mrs. Rebecca Haynes,2301 Clarendon Ave,,,Louisville,KY,40205,(502) 485-8263,(502) 485-8358,38.218073,-85.671559
275300,275300,Hazelwood Elementary,Hazelwood Elementary,Reside,Iroquois Zone,Iroquois High,Network 1,3,https://www.greatschools.org/kentucky/louisville/805-Hazelwood-Elementary-School/,Elementary School,505,659,154,505,505,0,0,12:01,Grade 5,28,30,*,23,25,*,40,6.72,20.7,13.8,34.5,31,0,0,0,4,10,21,0,0,91.5,,150,20,0,5,https://sites.google.com/d/1FhyVqMeWjbte1qxNJ2h089FxFDlyk684/p/1tPEJtPQpSyqLiXu43eYVdf9fwlw442z7/edit,A1,Preschool,5th,Title 1 Eligible - Schoolwide School,Courtney Grace,1325 Bluegrass Avenue,,,Louisville,KY,40215,(502) 485-8264,(502) 485-8965,38.180504,-85.785933
275320,275320,Highland Middle,Highland Middle,Reside,Atherton Zone,Atherton High,Network 3,2,https://www.greatschools.org/kentucky/louisville/806-Highland--Middle-School/,Middle School,777,777,,777,0,777,0,14:01,Grade 8,24,15,41,29,16,56,,11.69,14.3,4.1,18.4,198,0,0,23,35,16,179,27,8,89,0.2,251,77,4,8,https://www.jefferson.kyschools.us/page/highland-middle,A1,6th,8th,Title 1 Eligible - Schoolwide School,Vanessa Green,1700 Norris Place,,,Louisville,KY,40205,(502) 485-8266,(502) 485-8831,38.223359,-85.706544
275095,275095,Hite Elementary,Hite Elementary,Reside,Eastern Zone,Eastern High,Network 3,6,https://www.greatschools.org/kentucky/middletown/753-Hite-Elementary-School/,Elementary School,536,536,,536,536,0,0,17:01,Grade 5,40,26,55,49,38,61,73,13.19,7.7,0,7.7,9,0,0,0,0,*,8,0,*,95,,269,50,2,1300,https://www.jefferson.kyschools.us/page/hite-elementary,A1,K,5th,Title 1 Eligible - No Program,Sheridan Barnett,12408 Old Shelbyville Road,,,Middletown,KY,40243,(502) 485-8267,,38.238213,-85.524223
275076,275076,Indian Trail Elementary,Indian Trail Elementary,Reside,Seneca Zone,Seneca High,Network 2,3,https://www.greatschools.org/kentucky/louisville/738-Indian-Trail-Elementary-School/,Elementary School,716,716,,716,716,0,0,19:01,Grade 5,14,*,25,18,15,33,38,10.93,17.9,0,17.9,68,0,0,*,17,17,49,*,4,91.1,,255,46,2,67,NA,A1,K,5th,Title 1 Eligible - Schoolwide School,Joseph Wood,3709 E Indian Tr,,,Louisville,KY,40213,(502) 485-8268,(502) 485-8477,38.171026,-85.690741
275335,275335,Iroquois High,Iroquois High,Reside,Iroquois Zone,Iroquois High,Network 1,1,https://www.greatschools.org/kentucky/louisville/809-Iroquois-High-School/,High School,1422,1422,,"1,422",0,0,1422,15:01,Grade 10,*,*,*,*,*,*,,11.48,14.8,4.9,19.7,455,0,0,51,42,53,431,78,5,79.2,2.7,200,0,0,10,https://sites.google.com/jefferson.kyschools.us/iroquoishighschool/home?authuser=0,A1,9th,12th,Title 1 Eligible - Schoolwide School,Toetta Taul,4615 Taylor Boulevard,,,Louisville,KY,40215,(502) 485-8269,(502) 485-8033,38.172586,-85.781585
275165,275165,J. Graham Brown School,"Brown, J. Graham, School",Magnet,Magnet,Magnet Schools,Magnet,9,https://www.greatschools.org/kentucky/louisville/3944-J.-Graham-Brown-School/,All,761,761,,761,290,226,245,16:01,Grade 10,81,*,77,87,80,90,74,16.96,3.6,0,3.6,37,7,0,*,8,4,20,0,*,94.5,0,338,161,48,1480,https://sites.google.com/jefferson.kyschools.us/mybrownschool/home,A1,K,12th,Not a Title 1 School,Dr. Angela Parsons,546 South First Street,,,Louisville,KY,40202,(502) 485-8216,(502) 485-8741,38.249744,-85.752801
275165,2751650,J. Graham Brown School,"Brown, J. Graham, School",Magnet,Magnet,Magnet Schools,Magnet,9,https://www.greatschools.org/kentucky/louisville/3944-J.-Graham-Brown-School/,Elementary School,290,761,,761,290,226,245,16:01,Grade 5,62,55,68,72,64,*,74,16.96,3.6,0,3.6,37,7,0,*,8,4,20,0,*,94.5,0,338,161,48,1480,https://sites.google.com/jefferson.kyschools.us/mybrownschool/home,A1,K,12th,Not a Title 1 School,Dr. Angela Parsons,546 South First Street,,,Louisville,KY,40202,(502) 485-8216,(502) 485-8741,38.249744,-85.752801
275165,2751651,J. Graham Brown School,"Brown, J. Graham, School",Magnet,Magnet,Magnet,Magnet,9,https://www.greatschools.org/kentucky/louisville/3944-J.-Graham-Brown-School/,Middle School,226,761,,761,290,226,245,16:01,Grade 8,75,69,79,75,72,77,74,16.96,3.6,0,3.6,37,7,0,*,8,4,20,0,*,94.5,0,338,161,48,1480,https://sites.google.com/jefferson.kyschools.us/mybrownschool/home,A1,K,12th,Not a Title 1 School,Dr. Angela Parsons,546 South First Street,,,Louisville,KY,40202,(502) 485-8216,(502) 485-8741,38.249744,-85.752801
275165,2751652,J. Graham Brown School,"Brown, J. Graham, School",Magnet,Magnet,J. Graham Brown School,Magnet,9,https://www.greatschools.org/kentucky/louisville/3944-J.-Graham-Brown-School/,High School,245,761,,761,290,226,245,16:01,Grade 10,81,*,77,87,80,90,74,16.96,3.6,0,3.6,37,7,0,*,8,4,20,0,*,94.5,0,338,161,48,1480,https://sites.google.com/jefferson.kyschools.us/mybrownschool/home,A1,K,12th,Not a Title 1 School,Dr. Angela Parsons,546 South First Street,,,Louisville,KY,40202,(502) 485-8216,(502) 485-8741,38.249744,-85.752801
275325,275325,Jacob Elementary,Jacob Elementary,Reside,Iroquois Zone,Iroquois High,Network 1,1,https://www.greatschools.org/kentucky/louisville/808-Jacob-Elementary-School/,Elementary School,547,608,61,547,547,0,0,14:01,Grade 5,*,*,*,11,10,19,22,12.54,11.5,7.7,19.2,43,0,0,0,11,16,29,6,4,89.4,,320,0,2,190,https://www.jefferson.kyschools.us/page/jacob-elementary,A1,Preschool,5th,Title 1 Eligible - Schoolwide School,Karen Waggoner,3701 East Wheatmore Drive,,,Louisville,KY,40215,(502) 485-8271,(502) 485-7157,38.191643,-85.796035
275396,275396,Jefferson County Traditional Middle,Jefferson County Traditional,Magnet,Magnet,Magnet,Magnet,6,https://www.greatschools.org/kentucky/louisville/813-Jefferson-County-Traditional-Middle-School/,Middle School,884,884,,884,0,884,0,18:01,Grade 8,44,36,52,39,30,47,,17.07,6.7,0,6.7,300,0,0,6,33,11,289,15,6,93.3,0,108,121,2,2500,https://sites.google.com/jefferson.kyschools.us/jctms/home,A1,6th,8th,Title 1 Eligible - No Program,Brent Conner,1418 Morton Ave,,,Louisville,KY,40204,(502) 485-8272,(502) 485-8635,38.240229,-85.727445
275166,275166,Jeffersontown Elementary,Jeffersontown Elementary,Reside,Jeffersontown Zone,Jeffersontown High,Network 2,4,https://www.greatschools.org/kentucky/jeffersontown/788-Jeffersontown-Elementary-School/,Elementary School,775,775,,775,775,0,0,16:01,Grade 5,21,19,26,27,27,28,42,12.24,7.9,5.3,13.2,35,0,*,0,*,4,29,*,*,93.2,,345,100,2,1000,https://sites.google.com/jefferson.kyschools.us/j-town-elementary/home,A1,K,5th,Title 1 Eligible - Schoolwide School,Brooke Schilling,3610 Cedarwood Way,,,Jeffersontown,KY,40299,(502) 485-8274,(502) 485-8408,38.190493,-85.584616
275065,275065,Jeffersontown High,Jeffersontown High,Reside,Jeffersontown Zone,Jeffersontown High,Network 2,2,https://www.greatschools.org/kentucky/jeffersontown/730-Jeffersontown-High-School/,High School,1245,1245,,"1,245",0,0,1245,15:01,Grade 10,18,16,24,35,31,51,,13.87,11.5,1.3,12.8,511,4,0,32,32,38,488,57,12,83.7,2.4,225,0,1,1400,https://sites.google.com/jefferson.kyschools.us/jeffersontown-high-school/home,A1,9th,12th,Title 1 Eligible - Schoolwide School,Jarrad Durham,9600 Old Six Mile Lane,,,Jeffersontown,KY,40299,(502) 485-8275,(502) 485-8832,38.201366,-85.580854
275470,275470,Johnson Traditional Middle,Johnson Traditional,Magnet,Magnet,Magnet,Magnet,4,https://www.greatschools.org/kentucky/louisville/819-Johnson-Traditional-Middle-School/,Middle School,685,685,,685,0,685,0,19:01,Grade 8,13,15,9,17,16,19,,9.5,21.9,9.4,31.3,294,*,0,20,96,4,262,10,4,90.3,0.2,80,50,2,30,N/A,A1,6th,8th,Title 1 Eligible - Schoolwide School,Rhonda Branch,2509 Wilson Ave,,,Louisville,KY,40210,(502) 485-8277,(502) 485-8679,38.236275,-85.795736
275106,275106,Johnsontown Road Elementary,Johnsontown Rd. Elementary,Reside,Valley Zone,Valley High,Network 1,4,https://www.greatschools.org/kentucky/louisville/762-Johnsontown-Road-Elementary-School/,Elementary School,434,475,41,434,434,0,0,15:01,Grade 5,21,15,*,19,17,*,43,10.64,9.1,13.6,22.7,5,0,0,0,0,0,4,0,*,90.9,,261,194,3,2589,N/A,A1,K,5th,Title 1 Eligible - Schoolwide School,Mr. Stephen Howard,7201 Johnsontown Rd,,,Louisville,KY,40272,(502) 485-8278,(502) 313-3482,38.117226,-85.893444
275162,275162,Kammerer Middle,Kammerer Middle,Reside,Ballard Zone,Ballard High,Network 3,4,https://www.greatschools.org/kentucky/louisville/785-Kammerer-Middle-School/,Middle School,780,780,,780,0,780,0,14:01,Grade 8,38,20,55,33,18,46,,15.4,7.3,0,7.3,180,0,0,7,22,26,166,7,8,91.3,0,350,75,2,40,https://www.jefferson.kyschools.us/o/kammerer,A1,6th,8th,Title 1 Eligible - No Program,Shannon Corrigan,7315 Wesboro Rd,,,Louisville,KY,40222,(502) 485-8279,(502) 485-8618,38.283609,-85.61907
275720,275720,Kennedy Elementary,"Kennedy, J.F., Elementary",Reside,Valley Zone,Valley High,Network 1,4,https://www.greatschools.org/kentucky/louisville/833-Kennedy-Elementary-Montessori/,Elementary School,556,567,11,556,556,0,0,15:01,Grade 5,*,*,*,21,18,36,31,6.58,33.3,16.7,50,103,0,0,0,25,10,87,*,*,88.9,,250,N/A,N/A,30,https://www.jefferson.kyschools.us/page/j-f-kennedy-elementary,A1,Preschool,5th,Title 1 Eligible - Schoolwide School,Stephanie Helm,3800 Gibson Lane,,,Louisville,KY,40211,(502) 485-8280,(502) 313-3486,38.231782,-85.81866
275059,275059,Kenwood Elementary,Kenwood Elementary,Reside,Doss Zone,Doss High,Network 1,2,https://www.greatschools.org/kentucky/louisville/2185-Kenwood-Montessori-School/,Elementary School,624,624,,624,624,0,0,14:01,Grade 5,42,41,47,34,34,32,34,12.84,9.7,3.2,12.9,16,0,0,0,*,0,9,5,0,92.1,,255,N/A,N/A,N/A,N/A,A1,K,5th,Title 1 Eligible - Schoolwide School,Jameelah Henderson,7420 Justan Ave,,,Louisville,KY,40214,(502) 485-8283,(502) 313-3487,38.145533,-85.78682
275079,275079,Kerrick Elementary,Kerrick Elementary,Reside,Pleasure Ridge Park Zone,Pleasure Ridge Park High,Network 1,1,https://www.greatschools.org/kentucky/louisville/741-Kerrick-Elementary-School/,Elementary School,442,442,,442,442,0,0,14:01,Grade 5,11,8,*,*,*,*,29,9.21,26.3,5.3,31.6,38,0,0,0,*,*,33,*,5,90.8,,88,32,2,126,N/A,A1,K,5th,Title 1 Eligible - Schoolwide School,Jennifer Forseth,2210 Upper Hunters Trace,,,Louisville,KY,40216,(502) 485-8284,(502) 313-3488,38.165805,-85.837344
275432,275432,King Elementary,King Elementary,Reside,Pleasure Ridge Park Zone,Pleasure Ridge Park High,Network 1,,https://www.greatschools.org/kentucky/louisville/815-King-Elementary-School/,Elementary School,364,364,,364,364,0,0,11:01,Grade 5,*,*,*,*,*,*,31,10.92,16,20,36,75,0,0,0,25,*,67,0,5,88.6,,108,60,2,25,https://sites.google.com/jefferson.kyschools.us/kingelementary/home,A1,K,5th,Title 1 Eligible - Schoolwide School,Rhonda Hedges,4325 Vermont Ave,,,Louisville,KY,40211,(502) 485-8285,(502) 313-3489,38.257532,-85.823471
275134,275134,Klondike Lane Elementary,Klondike Lane Elementary,Reside,Seneca Zone,Seneca High,Network 2,5,https://www.greatschools.org/kentucky/louisville/776-Klondike-Elementary-School/,Elementary School,570,570,,570,570,0,0,15:01,Grade 5,36,33,*,34,31,*,32,12.29,12.9,0,12.9,32,0,0,0,11,0,29,0,0,92.9,,288,22,2,432,https://www.jefferson.kyschools.us/o/klondike,A1,Preschool,5th,Title 1 Eligible - Schoolwide School,Mark Boyer,3807 Klondike Ln,,,Louisville,KY,40218,(502) 485-8286,(502) 313-3490,38.208687,-85.637198
275163,275163,Knight Middle,Knight Middle,Reside,Southern Zone,Southern High,Network 2,2,https://www.greatschools.org/kentucky/louisville/786-Knight-Middle-School/,Middle School,701,701,,701,0,701,0,17:01,Grade 8,8,7,12,23,19,33,,9.85,17.5,7.5,25,228,6,0,28,28,20,202,24,9,89.4,0,101,12,2,30,https://www.jefferson.kyschools.us/o/knight/page/about-knight-middle,A1,6th,8th,Title 1 Eligible - Schoolwide School,Christel Todd-Lanier,9803 Blue Lick Road,,,Louisville,KY,40229,(502) 485-8287,(502) 313-3491,38.105443,-85.691556
275133,275133,Lassiter Middle,Lassiter Middle,Reside,Fairdale Zone,Fairdale High,Network 1,2,https://www.greatschools.org/kentucky/louisville/775-Lassiter-Middle-School/,Middle School,992,992,,992,0,992,0,15:01,Grade 8,13,11,24,20,18,27,,12.82,6.7,0,6.7,433,0,0,23,57,12,426,33,6,87.9,0.3,376,13,2,50,https://jeffersoncpsky.sites.thrillshare.com/o/lassiter,A1,6th,8th,Title 1 Eligible - Schoolwide School,Timothy Alexander,8200 Candleworth Drive,,,Louisville,KY,40214,(502) 485-8288,(502) 485-8373,38.130511,-85.786229
275145,275145,Laukhuf Elementary,Laukhuf Elementary,Reside,Southern Zone,Southern High,Network 2,5,https://www.greatschools.org/kentucky/louisville/778-Laukhuf-Elementary-School/,Elementary School,725,725,,725,725,0,0,17:01,Grade 5,25,14,43,40,31,55,51,14.25,6.3,0,6.3,20,0,0,0,9,4,13,0,*,93.3,,430,12,2,100,https://sites.google.com/jefferson.kyschools.us/laukhufelementary/home,A1,Preschool,5th,Title 1 Eligible - Schoolwide School,Ms. Joanna Sells,5100 Capewood Dr,,,Louisville,KY,40229,(502) 485-8289,(502) 313-3493,38.100287,-85.664193
275126,275126,Layne Elementary,Layne Elementary,Reside,Doss Zone,Doss High,Network 1,5,https://www.greatschools.org/kentucky/louisville/771-Layne-Elementary-School/,Elementary School,517,558,41,517,517,0,0,15:01,Grade 5,19,22,*,21,22,*,32,14.33,11.1,3.7,14.8,7,0,0,*,6,*,*,0,0,88.8,,97,67,1,117,https://jeffersoncpsky.sites.thrillshare.com/o/layne,A1,K,5th,Title 1 Eligible - Schoolwide School,Cassandra Hayes,9831 East Avenue,,,Louisville,KY,40272,(502) 485-8290,(502) 313-3494,38.11041,-85.847759
275520,275520,Lincoln Elementary Performing Arts,Lincoln Elementary Performing Arts School,Magnet,Magnet,Magnet Schools,Magnet,5,https://www.greatschools.org/kentucky/louisville/822-Lincoln-Elementary-Performing-Arts/,Elementary School,575,575,,575,575,0,0,15:01,Grade 5,37,13,63,50,31,71,61,11.88,9.4,0,9.4,40,0,0,0,18,5,25,0,*,93.8,,480,106,3,1125,https://sites.google.com/jefferson.kyschools.us/lincolnelementary/home,A1,K,5th,Title 1 Eligible - No Program,Melissa Case,930 East Main Street,,,Louisville,KY,40206,(502) 485-8291,(502) 313-3496,38.253984,-85.734239
275047,275047,Louisville Male High,Louisville Male,Magnet,Magnet,Louisville Male High,Magnet,9,https://www.greatschools.org/kentucky/louisville/865-Louisville-Male-High-School/,High School,1918,1918,,"1,918",0,0,1918,20:01,Grade 10,46,35,57,54,47,60,,16.13,7.2,1,8.2,423,0,0,58,9,12,395,15,*,92.2,0.2,920,600,4,47,https://sites.google.com/jefferson.kyschools.us/lmhs/home,A1,9th,12th,Title 1 Eligible - No Program,Keith Cathey,4409 Preston Highway,,,Louisville,KY,40213,(502) 485-8292,(502) 485-8770,38.184683,-85.721019
275146,275146,Lowe Elementary,Lowe Elementary,Reside,Eastern Zone,Eastern High,Network 3,6,https://www.greatschools.org/kentucky/hurstbourne/779-Lowe-Elementary-School/,Elementary School,662,662,,662,662,0,0,18:01,Grade 5,62,*,75,63,35,76,77,17.78,6.3,3.1,9.4,11,0,0,0,0,0,11,0,*,95.3,,454,156,6,246,https://sites.google.com/jefferson.kyschools.us/lowe-elementary,A1,K,5th,Not a Title 1 School,Sean Russell,210 Oxfordshire Lane,,,Louisville,KY,40222,(502) 485-8293,(502) 313-3497,38.24536,-85.591879
275107,275107,Luhr Elementary,Luhr Elementary,Reside,Moore Zone,Marion C. Moore School,Network 2,5,https://www.greatschools.org/kentucky/louisville/763-Luhr-Elementary-School/,Elementary School,581,581,,581,581,0,0,14:01,Grade 5,35,31,50,37,35,44,45,15.89,3.7,3.7,7.4,23,0,0,0,0,*,23,0,0,93.1,,300,5,2,150,N/A,A1,K,5th,Title 1 Eligible - Schoolwide School,Ms. Sarah Williams,6900 Fegenbush Lane,,,Louisville,KY,40228,(502) 485-8295,(502) 313-3498,38.149118,-85.629239
275155,275155,Marion C. Moore School,"Moore, Marion C., High School",Reside,Moore Zone,Marion C. Moore School,Network 2,2,https://www.greatschools.org/kentucky/louisville/3943-Moore-Traditional-School/,All,2320,2320,,"2,320",0,957,1363,15:01,Grade 10,14,14,15,25,23,33,,10.52,15.2,5.8,21,1079,*,*,41,107,151,1032,105,11,85.4,2.8,23,1067,2,75,https://moore.jcps-ky.com/HOME,A1,6th,12th,Title 1 Eligible - Schoolwide School,Jason Detre,6415 Outer Loop,,,Louisville,KY,40228,(502) 485-8304,(502) 485-8168,38.13947,-85.637375
275155,2751551,Marion C. Moore School,"Moore, Marion C., School",Reside,Moore Zone,Marion C. Moore School,Network 2,2,https://www.greatschools.org/kentucky/louisville/3943-Moore-Traditional-School/,Middle School,957,2320,,"2,320",0,957,1363,15:01,Grade 8,11,9,15,15,14,16,,10.52,15.2,5.8,21,1079,*,*,41,107,151,1032,105,11,85.4,2.8,23,1067,2,75,https://moore.jcps-ky.com/HOME,A1,6th,12th,Title 1 Eligible - Schoolwide School,Jason Detre,6415 Outer Loop,,,Louisville,KY,40228,(502) 485-8304,(502) 485-8168,38.13947,-85.637375
275155,2751552,Marion C. Moore School,"Moore, Marion C., High School",Reside,Moore Zone,Marion C. Moore School,Network 2,2,https://www.greatschools.org/kentucky/louisville/3943-Moore-Traditional-School/,High School,1363,2320,,"2,320",0,957,1363,15:01,Grade 10,14,14,15,25,23,33,,10.52,15.2,5.8,21,1079,*,*,41,107,151,1032,105,11,85.4,2.8,23,1067,2,75,https://moore.jcps-ky.com/HOME,A1,6th,12th,Title 1 Eligible - Schoolwide School,Jason Detre,6415 Outer Loop,,,Louisville,KY,40228,(502) 485-8304,(502) 485-8168,38.13947,-85.637375
275480,275480,Maupin Elementary,Maupin Elementary,Reside,Doss Zone,Doss High,Network 1,,https://www.greatschools.org/kentucky/louisville/820-Maupin-Elementary-School/,Elementary School,325,394,69,325,325,0,0,11:01,Grade 5,*,*,*,*,*,*,60,10.29,19,4.8,23.8,66,0,0,0,11,*,59,*,*,88.4,,197,N/A,N/A,10,http://maupin.jcps-ky.com/,A1,Preschool,5th,Title 1 Eligible - Schoolwide School,Allyson Vitato,1312 Catalpa Street,,,Louisville,KY,40211,(502) 485-8310,(502) 313-3500,38.235986,-85.802059
275440,275440,Mcferran Preparatory Academy,McFerran Preparatory Academy,Reside,Seneca Zone,Seneca High,Network 2,1,https://www.greatschools.org/kentucky/louisville/817-Mcferran-Preparatory-Academy/,Elementary School,646,800,154,646,646,0,0,11:01,Grade 5,10,11,*,14,15,*,36,9.17,25,12.5,37.5,47,0,0,0,18,8,28,*,5,88.5,,440,0,2,25,N/A,A1,Preschool,5th,Title 1 Eligible - Schoolwide School,Ms. Lakeasha Jones,1900 S. 7th Street,,,Louisville,KY,40208,(502) 485-8297,(502) 313-3501,38.221572,-85.775966
275022,275022,Medora Elementary,Medora Elementary,Reside,Valley Zone,Valley High,Network 1,4,https://www.greatschools.org/kentucky/louisville/711-Medora-Elementary-School/,Elementary School,508,508,,508,508,0,0,16:01,Grade 5,37,31,47,41,31,57,36,11.7,8.7,0,8.7,7,0,0,0,*,*,4,0,0,92.6,,215,32,2,2000,https://www.jefferson.kyschools.us/page/medora-elementary,A1,K,5th,Title 1 Eligible - Schoolwide School,Elizabeth Palmer,11801 Deering Road,,,Louisville,KY,40272,(502) 485-8298,(502) 485-8572,38.090422,-85.874912
275340,275340,Meyzeek Middle,Meyzeek Middle,Reside,,,,7,https://www.greatschools.org/kentucky/louisville/810-Meyzeek-Middle-School/,Middle School,979,979,,979,0,979,0,17:01,Grade 8,61,33,81,58,32,77,,12.88,23.1,3.8,26.9,228,0,0,5,55,31,207,11,6,91.8,0.3,37,,4,,https://sites.google.com/jefferson.kyschools.us/meyzeek-middle-school/home,A1,6th,8th,Title 1 Eligible - No Program,Charles Marshall,828 South Jackson Street,,,Louisville,KY,40203,(502) 485-8299,(502) 313-3503,38.241518,-85.746545
275024,275024,Middletown Elementary,Middletown Elementary,Reside,Eastern Zone,Eastern High,Network 3,4,https://www.greatschools.org/kentucky/middletown/712-Middletown-Elementary-School/,Elementary School,644,644,,644,644,0,0,16:01,Grade 5,49,44,53,60,53,67,56,17.72,3.1,0,3.1,22,*,0,0,9,0,15,0,0,93.2,,420,47,2,300,https://jeffersoncpsky.sites.thrillshare.com/o/middletown/staff,A1,Preschool,5th,Title 1 Eligible - No Program,Whitney Randall,218 North Madison Avenue,,,Louisville,KY,40243,(502) 485-8300,(502) 313-3504,38.248481,-85.54139
275147,275147,Mill Creek Elementary,Mill Creek Elementary,Reside,Iroquois Zone,Iroquois High,Network 1,2,https://www.greatschools.org/kentucky/louisville/780-Mill-Creek-Elementary-School/,Elementary School,507,548,41,507,507,0,0,15:01,Grade 5,9,11,*,8,9,*,43,6.54,16.7,33.3,50,72,0,0,0,0,0,69,0,4,89,,270,N/A,2,0,https://sites.google.com/jefferson.kyschools.us/mill-creek-leadership-academy/home,A1,Preschool,5th,Title 1 Eligible - Schoolwide School,LaQueisha Bonds,3816 Dixie Highway,,,Louisville,KY,40216,(502) 485-8301,(502) 313-3505,38.198203,-85.809932
275099,275099,Minors Lane Elementary,Minors Lane Elementary,Reside,Fairdale Zone,Fairdale High,Network 1,3,https://www.greatschools.org/kentucky/louisville/757-Minors-Lane-Elementary-School/,Elementary School,404,473,69,404,404,0,0,11:01,Grade 5,21,22,*,23,24,*,8,7.59,40.9,0,40.9,8,0,0,0,*,4,4,0,0,90.8,,284,10,1,75,https://sites.google.com/jefferson.kyschools.us/minorslaneelementary/home,A1,Preschool,5th,Title 1 Eligible - Schoolwide School,Mr. Ramon Wales,8510 Minors Lane,,,Louisville,KY,40219,(502) 485-8303,(502) 485-8480,38.125305,-85.714029
275041,275041,Newburg Middle,Newburg Middle,Reside,Fern Creek Zone,Fern Creek High,Network 2,2,https://www.greatschools.org/kentucky/louisville/717-Newburg-Middle-School/,Middle School,838,838,,838,0,838,0,14:01,Grade 8,19,12,34,29,23,44,,9.85,24.5,1.9,26.4,171,0,0,11,19,17,138,15,6,90.6,0.3,60,2,2,20,https://sites.google.com/jefferson.kyschools.us/newburg-middle-school/home,A1,6th,8th,Title 1 Eligible - Schoolwide School,Ms. Shamika Johnson,4901 Exeter Avenue,,,Louisville,KY,40218,(502) 485-8306,(502) 485-8883,38.18011,-85.668644
275435,275435,Noe Middle,Noe Middle,Reside,Seneca Zone,Seneca High,Network 2,6,https://www.greatschools.org/kentucky/louisville/816-Noe-Middle-School/,Middle School,1248,1248,,"1,248",0,1248,0,18:01,Grade 8,50,32,70,54,35,75,,14.36,9.1,4.5,13.6,205,0,0,13,49,20,187,17,9,91.4,0.1,1052,54,8,2334,https://www.jefferson.kyschools.us/o/noe,A1,6th,8th,Title 1 Eligible - No Program,Katherine Grindon,121 West Lee Street,,,Louisville,KY,40208,(502) 485-8307,(502) 313-3511,38.223247,-85.758602
275371,275371,Norton Commons Elementary,Norton Commons Elementary,Reside,Ballard Zone,Ballard High,Network 3,6,https://www.greatschools.org/kentucky/prospect/5219-Norton-Commons-Elementary/,Elementary School,613,691,78,613,613,0,0,14:01,Grade 5,72,54,81,64,39,75,73,14.6,2.9,0,2.9,11,0,0,0,*,4,6,0,0,95,,478,70,10,200,www.jefferson.kyschools.us/o/nortoncommons,A1,Preschool,5th,Not a Title 1 School,Andrew Terry,10941 Kings Crown Drive,,,Prospect,KY,40059,(502) 485-8367,(502) 313-3562,38.328247,-85.56404
275096,275096,Norton Elementary,Norton Elementary,Reside,Ballard Zone,Ballard High,Network 3,9,https://www.greatschools.org/kentucky/louisville/754-Norton-Elementary-School/,Elementary School,765,765,,765,765,0,0,15:01,Grade 5,83,71,88,83,68,90,69,18,0,0,0,*,0,0,0,0,*,*,0,0,96.1,,382,100,2,200,https://sites.google.com/jefferson.kyschools.us/nortonelementaryschool/home,A1,K,5th,Not a Title 1 School,Brent Fiaschetti,8101 Brownsboro Road,,,Louisville,KY,40241,(502) 485-8308,(502) 485-8600,38.297506,-85.59978
275027,275027,Okolona Elementary,Okolona Elementary,Reside,Southern Zone,Southern High,Network 2,2,https://www.greatschools.org/kentucky/louisville/713-Okolona-Elementary-School/,Elementary School,412,429,17,412,412,0,0,14:01,Grade 5,21,18,31,29,27,38,28,9.9,9.5,14.3,23.8,85,0,0,0,21,7,80,0,*,93.6,,125,143,2,60,https://schools.jefferson.kyschools.us/Elementary/Okolona/,A1,Preschool,5th,Title 1 Eligible - Schoolwide School,April Hetzel,7606 Preston Highway,,,Louisville,KY,40219,(502) 485-8309,(502) 313-3513,38.140835,-85.689584
275075,275075,Pleasure Ridge Park High,PRP,Reside,Pleasure Ridge Park Zone,Pleasure Ridge Park High,Network 1,2,https://www.greatschools.org/kentucky/louisville/737-Pleasure-Ridge-Park-High-School/,High School,1802,1802,,"1,802",0,0,1802,18:01,Grade 10,15,12,23,25,22,31,,14.32,5.3,4.3,9.6,665,*,0,86,90,24,605,86,12,85.3,1,496,10,2,2500,ridgetalk.com,A1,9th,12th,Title 1 Eligible - Schoolwide School,Sheri Duff,5901 Greenwood Road,,,Louisville,KY,40258,(502) 485-8311,(502) 485-8093,38.14571,-85.863694
275500,275500,Portland Elementary,Portland Elementary,Reside,Ballard Zone,Ballard High,Network 3,2,https://www.greatschools.org/kentucky/louisville/821-Portland-Elementary-School/,Elementary School,333,333,,333,333,0,0,11:01,Grade 5,12,13,*,37,34,*,30,9.08,8,12,20,10,0,0,0,*,*,6,0,*,90.3,,254,43,2,20,N/A,A1,K,5th,Title 1 Eligible - Schoolwide School,Michelle Dotson-Perkins,3410 Northwestern Parkway,,,Louisville,KY,40212,(502) 485-8313,(502) 313-3517,38.274474,-85.802966
275128,275128,Price Elementary,Price Elementary,Reside,Fern Creek Zone,Fern Creek High,Network 2,3,https://www.greatschools.org/kentucky/louisville/773-Price-Elementary-School/,Elementary School,534,534,,534,534,0,0,15:01,Grade 5,*,*,*,29,22,53,29,10.26,13,13,26,59,0,0,0,45,4,36,*,*,90.4,,120,10,2,0,https://sites.google.com/jefferson.kyschools.us/price-elementary,A1,K,5th,Title 1 Eligible - Schoolwide School,Shuvon Ray,5001 Garden Green Way,,,Louisville,KY,40218,(502) 485-8315,(502) 485-8485,38.176935,-85.665773
275219,275219,Ramsey Middle,Ramsey Middle,Reside,,,Network 2,3,https://www.greatschools.org/kentucky/louisville/4082-Ramsey-Middle-School/,Middle School,1178,1178,,"1,178",0,1178,0,16:01,Grade 8,26,20,41,34,26,55,,11.27,13.4,6,19.4,247,*,0,13,65,40,209,22,12,89.9,0,375,150,2,40,https://ramsey.jcps-ky.com/,A1,6th,8th,Title 1 Eligible - Schoolwide School,Katherine LaDuke,6409 Gelhaus Lane,,,Louisville,KY,40299,(502) 485-8391,(502) 485-8973,38.149593,-85.54606
275081,275081,Rangeland Elementary,Rangeland Elementary,Reside,Southern Zone,Southern High,Network 2,1,https://www.greatschools.org/kentucky/louisville/742-Rangeland-Elementary-School/,Elementary School,665,665,,665,665,0,0,16:01,Grade 5,*,*,*,*,*,*,31,10.19,11.1,7.4,18.5,81,0,0,0,10,8,76,*,*,90.5,,355,1,2,20,https://sites.google.com/jefferson.kyschools.us/rangeland/home,A1,K,5th,Title 1 Eligible - Schoolwide School,Ms. Amanda Petters,1701 Rangeland Rd,,,Louisville,KY,40219,(502) 485-8317,(502) 313-3521,38.165695,-85.669476
275560,275560,Rutherford Elementary,Rutherford Elementary,Reside,Iroquois Zone,Iroquois High,Network 1,3,https://www.greatschools.org/kentucky/louisville/825-Rutherford-Elementary-School/,Elementary School,551,579,28,551,551,0,0,21:01,Grade 5,*,*,*,*,*,*,29,7.18,17.6,17.6,35.2,23,0,0,0,*,*,14,4,*,91.1,,542,30,1,100,https://www.jefferson.kyschools.us/page/rutherford-elementary,A1,Preschool,5th,Title 1 Eligible - Schoolwide School,Kenya Natsis,301 Southland Boulevard,,,Louisville,KY,40214,(502) 485-8320,(502) 485-8378,38.172242,-85.768909
275086,275086,Sanders Elementary,Sanders Elementary,Reside,Pleasure Ridge Park Zone,Pleasure Ridge Park High,Network 1,1,https://www.greatschools.org/kentucky/louisville/747-Sanders-Elementary-School/,Elementary School,481,481,,481,481,0,0,14:01,Grade 5,24,22,31,29,27,38,39,10.35,17.4,4.3,21.7,12,0,0,0,*,*,8,0,0,89.5,,300,20,2,50,https://www.jefferson.kyschools.us/o/sanders,A1,K,5th,Title 1 Eligible - Schoolwide School,Alison Dahlgren,8408 Terry Rd,,,Louisville,KY,40258,(502) 485-8322,(502) 485-8555,38.132229,-85.875792
275063,275063,Schaffner Traditional Elementary,Schaffner Traditional Elementary,Magnet,Magnet,Magnet Schools,Magnet,4,https://www.greatschools.org/kentucky/louisville/849-Schaffner-Elementary-School/,Elementary School,614,614,,614,614,0,0,18:01,Grade 5,36,26,52,40,31,55,51,12.16,16.1,0,16.1,37,0,0,0,11,*,26,0,0,94.5,,300,250,2,40,https://www.jefferson.kyschools.us/page/schaffner-traditional-elementary,A1,K,5th,Title 1 Eligible - Schoolwide School,Zachary Eckels,2701 Crums Lane,,,Louisville,KY,40216,(502) 485-8217,(502) 485-8218,38.195703,-85.824372
275580,275580,Semple Elementary,Semple Elementary,Reside,Iroquois Zone,Iroquois High,Network 1,2,https://www.greatschools.org/kentucky/louisville/826-Semple-Elementary-School/,Elementary School,664,664,,664,664,0,0,15:01,Grade 5,*,*,*,26,28,*,19,9.97,10,6.7,16.7,21,0,0,0,*,*,19,*,0,90.1,,450,1,1,1860,https://sites.google.com/jefferson.kyschools.us/semplestars,A1,K,5th,Title 1 Eligible - Schoolwide School,Ms. Danielle Randle,724 Denmark Street,,,Louisville,KY,40215,(502) 485-8324,(502) 485-8144,38.195602,-85.772019
275073,275073,Seneca High,Seneca High,Reside,Seneca Zone,Seneca High,Network 2,1,https://www.greatschools.org/kentucky/louisville/736-Seneca-High-School/,High School,1500,1500,,"1,500",0,0,1500,15:01,Grade 10,13,*,27,26,21,42,,12.21,7.7,7.7,15.4,678,*,0,61,25,15,667,86,6,82,4,169,11,1,15,https://seneca.jcps-ky.com/,A1,9th,12th,Title 1 Eligible - Schoolwide School,Michael Guy,3510 Goldsmith Lane,,,Louisville,KY,40220,(502) 485-8323,(502) 485-8174,38.207742,-85.65485
275097,275097,Shacklette Elementary,Shacklette Elementary,Reside,Pleasure Ridge Park Zone,Pleasure Ridge Park High,Network 1,3,https://www.greatschools.org/kentucky/louisville/755-Shacklette-Elementary-School/,Elementary School,346,498,152,346,346,0,0,12:01,Grade 5,19,19,*,28,29,*,39,9.17,25,12.5,37.5,39,0,0,0,*,14,29,*,*,90.6,,96,0,1,0,https://www.jefferson.kyschools.us/page/shacklette-elementary,A1,Preschool,5th,Title 1 Eligible - Schoolwide School,Charita Kimbrough,5310 Mercury Drive,,,Louisville,KY,40258,(502) 485-8325,(502) 485-8526,38.159276,-85.854683
275610,275610,Shelby Academy,Shelby Academy,Reside,Atherton Zone,Atherton High,Network 3,1,https://www.greatschools.org/kentucky/louisville/828-Shelby-Traditional-Academy/,Elementary School,436,436,,436,436,0,0,11:01,Grade 5,9,*,20,13,10,*,48,10.86,14.3,8.6,22.9,27,0,0,0,*,0,22,*,*,90.4,,400,30,2,10,https://sites.google.com/jefferson.kyschools.us/shelby-traditional-academy/home,A1,K,5th,Title 1 Eligible - Schoolwide School,Jimica Howard,735 Ziegler Street,,,Louisville,KY,40217,(502) 485-8327,(502) 485-8507,38.223316,-85.74459
275103,275103,Slaughter Elementary,Slaughter Elementary,Reside,Southern Zone,Southern High,Network 2,3,https://www.greatschools.org/kentucky/louisville/759-Slaughter-Elementary-School/,Elementary School,510,510,,510,510,0,0,14:01,Grade 5,23,25,*,24,26,*,26,11,16,8,24,20,0,0,0,*,4,17,0,0,91.7,,300,60,2,50,https://www.jefferson.kyschools.us/page/slaughter-elementary,A1,K,5th,Title 1 Eligible - Schoolwide School,Sara Adams,3805 Fern Valley Road,,,Louisville,KY,40219,(502) 485-8328,,38.158744,-85.691773
275087,275087,Smyrna Elementary School,Smyrna Elementary,Reside,Moore Zone,Marion C. Moore School,Network 2,3,https://www.greatschools.org/kentucky/louisville/748-Smyrna-Elementary-School/,Elementary School,548,548,,548,548,0,0,15:01,Grade 5,24,18,39,34,31,43,40,13.16,16,0,16,*,0,0,0,0,*,*,0,0,91.5,,144,21,2,198,https://sites.google.com/jefferson.kyschools.us/smyrnaelementary/home,A1,Preschool,5th,Title 1 Eligible - Schoolwide School,Amanda Cooper,6401 Outer Loop,,,Louisville,KY,40228,(502) 485-8329,(502) 485-8484,38.138545,-85.641064
275031,275031,Southern High,Southern High,Reside,Southern Zone,Southern High,Network 2,1,https://www.greatschools.org/kentucky/louisville/714-Southern-High-School/,High School,1788,1788,,"1,788",0,0,1788,17:01,Grade 10,18,*,26,25,23,33,,10.88,14.1,10.1,24.2,1081,4,*,122,36,47,1065,70,17,84.8,3.9,33,43,2,100,https://sites.google.com/jefferson.kyschools.us/southern-high/home,A1,9th,12th,Title 1 Eligible - Schoolwide School,Sariena Sampson,8620 Preston Highway,,,Louisville,KY,40219,(502) 485-8330,(502) 485-8029,38.12671,-85.680982
275064,275064,St Matthews Elementary,St. Matthews Elementary,Reside,Waggener Zone,Waggener High,Network 3,4,https://www.greatschools.org/kentucky/saint-matthews/729-St-Matthews-Elementary-School/,Elementary School,677,677,,677,677,0,0,19:01,Grade 5,37,9,63,42,13,69,62,17.4,6.7,3.3,10,27,0,0,0,*,12,22,0,0,92.9,,198,50,6,500,https://sites.google.com/jefferson.kyschools.us/st-matthews-elementary/home,A1,K,5th,Title 1 Eligible - No Program,Scottie Collier,601 Browns Lane,,,Louisville,KY,40207,(502) 485-8321,(502) 485-8582,38.245714,-85.640896
275071,275071,Stonestreet Elementary,Stonestreet Elementary,Reside,Doss Zone,Doss High,Network 1,3,https://www.greatschools.org/kentucky/louisville/734-Stonestreet-Elementary-School/,Elementary School,542,563,21,542,542,0,0,15:01,Grade 5,22,*,32,25,*,52,27,11.75,10.7,7.1,17.8,42,0,0,0,*,*,40,4,0,91.5,,225,40,3,50,website pending,A1,Preschool,5th,Title 1 Eligible - Schoolwide School,Donald Boemker,10007 Stonestreet Road,,,Louisville,KY,40272,(502) 485-8333,(502) 313-3538,38.108966,-85.834733
275211,275211,Stopher Elementary,Stopher Elementary,Reside,Eastern Zone,Eastern High,Network 3,6,https://www.greatschools.org/kentucky/louisville/4080-Stopher-Elementary-School/,Elementary School,788,788,,788,788,0,0,18:01,Grade 5,67,44,71,67,50,70,76,16.85,5.1,2.6,7.7,14,0,0,0,0,*,14,0,0,95.6,,400,100,10,1200,https://sites.google.com/jefferson.kyschools.us/stopherelementary/home,A1,Preschool,5th,Not a Title 1 School,Melissa Shearon,14417 Aiken Rd,,,Louisville,KY,40245,(502) 485-8281,(502) 485-8971,38.268134,-85.488522
275144,275144,Stuart Academy,Stuart Academy,Reside,,,Network 1,2,https://www.greatschools.org/kentucky/louisville/840-Stuart-Middle-School/,Middle School,1242,1242,,"1,242",0,1242,0,17:01,Grade 8,*,*,*,9,8,13,,8.82,21.7,8.3,30,529,0,0,30,134,38,490,60,13,85.4,1.8,235,0,2,0,https://jeffersoncpsky.sites.thrillshare.com/o/stuart,A1,6th,8th,Title 1 Eligible - Schoolwide School,Darren Dawson,4603 Valley Station Rd,,,Louisville,KY,40272,(502) 485-8334,(502) 313-3540,38.108122,-85.843867
275590,275590,The Academy @ Shawnee,Academy @ Shawnee,Reside,Choice Zone,The Academy @ Shawnee,Network 3,1,https://www.greatschools.org/kentucky/louisville/827-Academy-Shawnee-High-School/,All,1125,1125,,"1,125",0,414,711,16:01,Grade 10,6,*,*,9,9,*,,10.07,21.7,11.7,33.4,473,0,0,25,31,22,464,34,11,77.4,1.4,292,0,0,20,https://sites.google.com/jefferson.kyschools.us/academyshawnee/home,A1,6th,12th,Title 1 Eligible - Schoolwide School,Hollie Smith,4001 Herman Street,,,Louisville,KY,40212,(502) 485-8326,(502) 485-8738,38.262202,-85.815674
275590,2755901,The Academy @ Shawnee,Academy @ Shawnee,Reside,Choice Zone,The Academy @ Shawnee,Network 3,,,Middle School,414,1125,,"1,125",0,414,711,16:01,Grade 8,*,*,*,*,*,*,,10.07,21.7,11.7,33.4,473,0,0,25,31,22,464,34,11,77.4,1.4,292,0,0,20,https://sites.google.com/jefferson.kyschools.us/academyshawnee/home,A1,6th,12th,Title 1 Eligible - Schoolwide School,Hollie Smith,4001 Herman Street,,,Louisville,KY,40212,(502) 485-8326,(502) 485-8738,38.262202,-85.815674
275590,2755902,The Academy @ Shawnee,Academy @ Shawnee High,Reside,Choice Zone,The Academy @ Shawnee,Network 3,1,https://www.greatschools.org/kentucky/louisville/827-Academy-Shawnee-High-School/,High School,711,1125,,"1,125",0,414,711,16:01,Grade 10,6,*,*,9,9,*,,10.07,21.7,11.7,33.4,473,0,0,25,31,22,464,34,11,77.4,1.4,292,0,0,20,https://sites.google.com/jefferson.kyschools.us/academyshawnee/home,A1,6th,12th,Title 1 Eligible - Schoolwide School,Hollie Smith,4001 Herman Street,,,Louisville,KY,40212,(502) 485-8326,(502) 485-8738,38.262202,-85.815674
275090,275090,Thomas Jefferson Middle,Thomas Jefferson Middle,Reside,,,Network 2,2,https://www.greatschools.org/kentucky/louisville/749-Thomas-Jefferson-Middle-School/,Middle School,1106,1106,,"1,106",0,1106,0,14:01,Grade 8,8,7,*,14,12,20,,8.86,23.4,3.1,26.5,514,*,*,55,76,53,486,53,14,87.1,0.5,129,50,4,0,https://sites.google.com/jefferson.kyschools.us/thomas-jefferson-middle/home,A1,6th,8th,Title 1 Eligible - Schoolwide School,Mr. Joshua Bourgeois,1501 Rangeland Road,,,Louisville,KY,40219,(502) 485-8273,(502) 485-8045,38.168384,-85.679373
275104,275104,Trunnell Elementary,Trunnell Elementary,Reside,Doss Zone,Doss High,Network 1,4,https://www.greatschools.org/kentucky/louisville/760-Trunnell-Elementary-School/,Elementary School,552,619,67,552,552,0,0,14:01,Grade 5,14,14,*,24,25,*,36,11.41,13.6,9.1,22.7,13,0,0,0,7,0,4,0,*,90.6,,325,50,2,300,https://sites.google.com/jefferson.kyschools.us/trunnell-elementary-school/home,A1,Preschool,5th,Title 1 Eligible - Schoolwide School,Nicole Travis,7609 St. Andrews Church Road,,,Louisville,KY,40214,(502) 485-8337,(502) 485-8627,38.153023,-85.814556
275016,275016,Tully Elementary,Tully Elementary,Reside,Jeffersontown Zone,Jeffersontown High,Network 2,6,https://www.greatschools.org/kentucky/jeffersontown/709-Tully-Elementary-School/,Elementary School,777,859,82,777,777,0,0,16:01,Grade 5,51,42,59,47,38,56,67,17.59,7.7,0,7.7,43,0,0,0,15,*,29,0,5,94.4,,388,124,2,240,https://schools.jefferson.kyschools.us/Elementary/Tully/index.html,A1,Preschool,5th,Title 1 Eligible - No Program,Rachel Works,3300 College Drive,,,Louisville,KY,40299,(502) 485-8338,(502) 485-8393,38.196302,-85.571193
275033,275033,Valley High,Valley High,Reside,Valley Zone,Valley High,Network 1,1,https://www.greatschools.org/kentucky/louisville/715-Valley-Traditional-High-School/,High School,1020,1020,,"1,020",0,0,1020,15:01,Grade 10,*,*,15,25,23,32,,12.55,13.8,1.7,15.5,478,*,0,56,23,24,452,50,4,81.3,3.9,93,48,1,307,https://sites.google.com/jefferson.kyschools.us/valley-high-school/home,A1,8th,12th,Title 1 Eligible - Schoolwide School,Jennie Currin,10200 Dixie Highway,,,Louisville,KY,40272,(502) 485-8339,(502) 485-8884,38.107709,-85.867731
275191,275191,W.E.B. DuBois Academy,"DuBois, W.E.B., High Academy",Magnet,Magnet,W.E.B. DuBois Academy,Magnet,3,https://www.greatschools.org/kentucky/louisville/5317-W.E.B.-DuBois-Academy/,All,517,517,,517,0,332,185,12:01,Grade 10,19,23,*,34,39,21,,11.42,11.6,4.7,16.3,105,0,*,8,13,11,81,15,*,90.9,,280,NA,NA,573,https://sites.google.com/jefferson.kyschools.us/w-e-b-dubois-middle/home,A5,6th,11th,Title 1 Eligible - Schoolwide School,Monica Hunter,3307 East Indian Trail,,,Louisville,KY,40213,(502) 485-8253,,38.170892,-85.700419
275191,2751911,W.E.B. DuBois Academy,"DuBois, W.E.B., Middle Academy",Magnet,Magnet,Magnet,Magnet,3,https://www.greatschools.org/kentucky/louisville/5317-W.E.B.-DuBois-Academy/,Middle School,332,517,,517,0,332,185,12:01,Grade 8,12,9,16,38,32,48,,11.42,11.6,4.7,16.3,105,0,*,8,13,11,81,15,*,90.9,,280,NA,NA,573,https://sites.google.com/jefferson.kyschools.us/w-e-b-dubois-middle/home,A5,6th,11th,Title 1 Eligible - Schoolwide School,Monica Hunter,3307 East Indian Trail,,,Louisville,KY,40213,(502) 485-8253,,38.170892,-85.700419
275191,2751912,W.E.B. DuBois Academy,"DuBois, W.E.B., High Academy",Magnet,Magnet,W.E.B. DuBois Academy,Magnet,3,https://www.greatschools.org/kentucky/louisville/5317-W.E.B.-DuBois-Academy/,High School,185,517,,517,0,332,185,12:01,Grade 10,19,23,*,34,39,21,,11.42,11.6,4.7,16.3,105,0,*,8,13,11,81,15,*,90.9,,280,NA,NA,573,https://sites.google.com/jefferson.kyschools.us/w-e-b-dubois-middle/home,A5,6th,11th,Title 1 Eligible - Schoolwide School,Monica Hunter,3307 East Indian Trail,,,Louisville,KY,40213,(502) 485-8253,,38.170892,-85.700419
275051,275051,Waggener High,Waggener High,Reside,Waggener Zone,Waggener High,Network 3,1,https://www.greatschools.org/kentucky/saint-matthews/722-Waggener-High-School/,High School,1054,1054,,"1,054",0,0,1054,15:01,Grade 10,14,12,22,28,25,38,,12.89,11.1,3.2,14.3,415,0,0,40,43,10,396,29,4,83.5,3.4,273,0,2,850,https://sites.google.com/jefferson.kyschools.us/waggenerhighschool/home,A1,9th,12th,Title 1 Eligible - Schoolwide School,Sarah Hitchings,330 S. Hubbards Lane,,,Louisville,KY,40207,(502) 485-8340,(502) 485-8140,38.244651,-85.636854
275072,275072,Watterson Elementary,Watterson Elementary,Reside,Jeffersontown Zone,Jeffersontown High,Network 2,4,https://www.greatschools.org/kentucky/louisville/735-Watterson-Elementary-School/,Elementary School,569,569,,569,569,0,0,13:01,Grade 5,15,12,*,14,12,21,28,11.48,15.2,6.1,21.3,36,0,0,0,10,*,30,0,*,91,,350,50,2,100,https://sites.google.com/jefferson.kyschools.us/watterson-elementary,A1,K,5th,Title 1 Eligible - Schoolwide School,Michael Hill,3900 Breckinridge Lane,,,Louisville,KY,40218,(502) 485-8342,(502) 485-8999,38.191282,-85.626941
275116,275116,Wellington Elementary,Wellington Elementary,Reside,Pleasure Ridge Park Zone,Pleasure Ridge Park High,Network 1,1,https://www.greatschools.org/kentucky/louisville/766-Wellington-Elementary-School/,Elementary School,495,495,,495,495,0,0,15:01,Grade 5,16,16,*,10,10,*,38,11.12,11.5,3.8,15.3,47,0,0,0,12,9,38,0,*,89.6,,230,0,1,24,https://sites.google.com/jefferson.kyschools.us/wellington-internal-portal/home,A1,K,5th,Title 1 Eligible - Schoolwide School,Ms. Brandi Carney,4800 Kaufman Lane,,,Louisville,KY,40216,(502) 485-8343,(502) 485-8525,38.18231,-85.86165
275084,275084,Western High,Western High,Magnet,Magnet,Western High,Magnet,1,https://www.greatschools.org/kentucky/shively/745-Western-High-School/,High School,604,604,,604,0,0,604,11:01,Grade 10,5,4,11,13,14,*,,10.1,18.8,2.1,20.9,241,*,0,21,18,14,225,61,7,80.7,2.5,590,0,2,45,https://www.jcpswesternhighschool.com/,A1,9th,12th,Title 1 Eligible - Schoolwide School,Michael Kelly,2501 Rockford Lane,,,Louisville,KY,40216,(502) 485-8344,(502) 485-8969,38.177534,-85.84463
275710,275710,Western Middle School for the Arts,Western Middle School for the Arts,Magnet,Magnet,Magnet,Magnet,4,https://www.greatschools.org/kentucky/louisville/832-Western-Middle-School/,Middle School,636,636,,636,0,636,0,17:01,Grade 8,20,12,44,30,23,48,,11.18,12.8,5.1,17.9,133,0,0,8,29,22,108,12,11,91.7,0,350,0,2,1000,westernmiddlearts.com,A1,6th,8th,Title 1 Eligible - Schoolwide School,Nayasha Owens,2201 West Main Street,,,Louisville,KY,40212,(502) 485-8345,(502) 313-3551,38.260542,-85.786455
275077,275077,Westport Middle,Westport Middle,Reside,Waggener Zone,Waggener High,Network 3,4,https://www.greatschools.org/kentucky/louisville/739-Westport-Middle-School/,Middle School,1225,1225,,"1,225",0,1225,0,15:01,Grade 8,28,14,49,31,17,51,,11.14,18.1,1.4,19.5,301,0,*,33,63,15,272,44,6,91,0.3,580,258,3,200,westportmiddle.com,A1,6th,8th,Title 1 Eligible - Schoolwide School,Joseph Zeller,8100 Westport Road,,,Louisville,KY,40222,(502) 485-8346,(502) 313-3552,38.275798,-85.600769
275109,275109,Wheeler Elementary,Wheeler Elementary,Reside,Fern Creek Zone,Fern Creek High,Network 2,6,https://www.greatschools.org/kentucky/louisville/764-Wheeler-Elementary-School/,Elementary School,694,694,,694,694,0,0,16:01,Grade 5,52,51,53,59,53,64,60,16.46,5.7,0,5.7,16,0,0,0,11,0,6,0,0,94.1,,358,82,5,1062,https://sites.google.com/jefferson.kyschools.us/wheeler-elementary/,A1,K,5th,Title 1 Eligible - No Program,Penny Espinosa,5700 Cynthia Drive,,,Louisville,KY,40291,(502) 485-8349,(502) 485-8607,38.166593,-85.57491
275067,275067,Wilder Elementary,Wilder Elementary,Reside,Ballard Zone,Ballard High,Network 3,5,https://www.greatschools.org/kentucky/louisville/732-Wilder-Elementary-School/,Elementary School,560,560,,560,560,0,0,14:01,Grade 5,42,34,58,45,38,58,62,15.36,3,0,3,28,0,0,0,8,*,23,0,*,92.4,,325,38,4,1180,https://sites.google.com/jefferson.kyschools.us/wilderelementary/home,A1,Preschool,5th,Title 1 Eligible - No Program,William Perkins,1913 Herr Lane,,,Louisville,KY,40222,(502) 485-8350,(502) 485-8591,38.278926,-85.622271
275066,275066,Wilkerson Elementary School,Wilkerson Elementary,Reside,Pleasure Ridge Park Zone,Pleasure Ridge Park High,Network 1,2,https://www.greatschools.org/kentucky/louisville/731-Wilkerson-Elementary-School/,Elementary School,568,611,43,568,568,0,0,13:01,Grade 5,13,13,*,27,24,37,41,10.71,10.7,10.7,21.4,38,0,0,0,9,9,23,7,*,92.2,,387,0,1,0,https://sites.google.com/jefferson.kyschools.us/wilkersonelementaryschool/home,A1,Preschool,5th,Title 1 Eligible - Schoolwide School,Sara Alvey,5601 Johnsontown Road,,,Louisville,KY,40272,(502) 485-8351,(502) 313-3557,38.122531,-85.87392
275117,275117,Wilt Elementary,Wilt Elementary,Reside,Fern Creek Zone,Fern Creek High,Network 2,4,https://www.greatschools.org/kentucky/louisville/767-Wilt-Elementary-School/,Elementary School,513,555,42,513,513,0,0,14:01,Grade 5,43,33,61,44,44,45,40,10.7,18.5,11.1,29.6,7,0,0,0,*,0,6,0,0,94.5,,444,8,2,410,www.wiltwildcats.com,A1,Preschool,5th,Title 1 Eligible - Schoolwide School,Benjamin Pinnick,6700 Price Lane,,,Louisville,KY,40229,(502) 485-8353,(502) 313-3558,38.102347,-85.637931
275374,275374,Young Elementary,Whitney Young Elementary,Magnet,Magnet,Magnet Schools,Magnet,2,https://www.greatschools.org/kentucky/louisville/811-Young-Elementary-School/,Elementary School,239,239,,239,239,0,0,9:01,Grade 5,19,19,*,44,45,*,51,8.61,5.6,27.8,33.4,28,0,0,0,*,*,26,0,*,90.7,,100,0,0,100,https://sites.google.com/jefferson.kyschools.us/whitney-young-elementary/home,A1,K,5th,Title 1 Eligible - Schoolwide School,Dr. Erica Lawrence,1107 South 17th street,,,Louisville,KY,40210,(502) 485-8354,(502) 485-8880,38.256721,-85.810229
275078,275078,Zachary Taylor Elementary,Zachary Taylor Elementary,Reside,Ballard Zone,Ballard High,Network 3,3,https://www.greatschools.org/kentucky/louisville/740-Zachary-Taylor-Elementary-School/,Elementary School,361,361,,361,361,0,0,11:01,Grade 5,14,*,28,16,13,22,25,11.78,8.7,0,8.7,25,0,*,0,11,7,17,0,0,91.2,,223,5,2,20,https://www.jefferson.kyschools.us/schools/profiles/zachary-taylor-elementary,A1,K,5th,Title 1 Eligible - Schoolwide School,Analese Cravens,9620 Westport Road,,,Louisville,KY,40241,(502) 485-8336,(502) 485-8584,38.286632,-85.572853
100002,100002,Hudson Middle,Hudson Middle,Reside,Choice Zone,The Academy @ Shawnee,Network 3,,,Middle School,,,,,,,,,,,,,,,,,,,,,,,,,,,,,,,,,,,,,,,,,,,,,,,,,,,
100001,100001,Echo Trail Middle,Echo Trail Middle,Reside,,,,,,Middle School,,,,,,,,,,,,,,,,,,,,,,,,,,,,,,,,,,,,,,,,,,,,,,,,,,,